Country,Euro,Austria,Belgium,Bulgaria,Croatia,Cyprus,Czech Republic,Denmark,Estonia,Finland,France,Germany,Greece,Hungary,Iceland,Ireland,Italy,Latvia,Liechtenstein,Lithuania,Luxembourg,Malta,Netherlands,Norway,Poland,Portugal,Romania,Russia,Slovakia,Slovenia,Spain,Sweden,Switzerland,United Kingdom,Australia,Brazil,Canada,Chile,China,Colombia,Hong Kong,India,Japan,Malaysia,Mexico,New Zealand,Singapore,South Africa,South Korea,Taiwan,Thailand,Turkey,United States
 1 , 0.03472 , 0.03472 , 0.03472 , 0.03422 , 0.03472 , 0.03472 , 0.06925 , 0.03462 , 0.03472 , 0.03472 , 0.03472 , 0.03472 , 0.03472 , 0.14358 , 0.08226 , 0.03472 , 0.03472 , 0.03472 , 0.01936 , 0.03472 , 0.03472 , 0.03472 , 0.03472 , 0.03598 , 0.05949 , 0.03472 , 0.06633 , 0.09937 , 0.03472 , 0.03472 , 0.03472 , 0.03582 , 0.01936 , 0.04550 , 0.03653 , 0.12504 , 0.04277 , 0.07538 , 0.02249 , 0.10381 , 0.04049 , 0.07130 , 0.00058 , 0.02767 , 0.11813 , 0.05316 , 0.03388 , 0.08251 , 0.03520 , 0.00979 , 0.01887 , 0.12900 , 0.04719 
 2 , 0.03315 , 0.03315 , 0.03315 , 0.03265 , 0.03315 , 0.03315 , 0.05947 , 0.03305 , 0.03315 , 0.03315 , 0.03315 , 0.03315 , 0.03315 , 0.12571 , 0.08018 , 0.03315 , 0.03315 , 0.03315 , 0.01925 , 0.03315 , 0.03315 , 0.03315 , 0.03315 , 0.03493 , 0.05901 , 0.03315 , 0.06913 , 0.09849 , 0.03315 , 0.03315 , 0.03315 , 0.03405 , 0.01925 , 0.04290 , 0.03559 , 0.11739 , 0.03976 , 0.06721 , 0.02393 , 0.10732 , 0.03724 , 0.07142 , 0.00134 , 0.03123 , 0.10294 , 0.04970 , 0.03181 , 0.07998 , 0.03298 , 0.00985 , 0.01834 , 0.11911 , 0.04064 
 3 , 0.03140 , 0.03140 , 0.03140 , 0.03090 , 0.03140 , 0.03140 , 0.05341 , 0.03130 , 0.03140 , 0.03140 , 0.03140 , 0.03140 , 0.03140 , 0.11125 , 0.07762 , 0.03140 , 0.03140 , 0.03140 , 0.01908 , 0.03140 , 0.03140 , 0.03140 , 0.03140 , 0.03341 , 0.05892 , 0.03140 , 0.07083 , 0.09888 , 0.03140 , 0.03140 , 0.03140 , 0.03164 , 0.01908 , 0.04081 , 0.03462 , 0.11763 , 0.03564 , 0.06208 , 0.02539 , 0.10922 , 0.03599 , 0.07177 , 0.00173 , 0.03306 , 0.09338 , 0.04649 , 0.03083 , 0.07969 , 0.03181 , 0.00997 , 0.01839 , 0.11448 , 0.03671 
 4 , 0.03009 , 0.03009 , 0.03009 , 0.02959 , 0.03009 , 0.03009 , 0.04965 , 0.02999 , 0.03009 , 0.03009 , 0.03009 , 0.03009 , 0.03009 , 0.09982 , 0.07444 , 0.03009 , 0.03009 , 0.03009 , 0.01895 , 0.03009 , 0.03009 , 0.03009 , 0.03009 , 0.03205 , 0.05871 , 0.03009 , 0.07158 , 0.09987 , 0.03009 , 0.03009 , 0.03009 , 0.03011 , 0.01895 , 0.03919 , 0.03362 , 0.11999 , 0.03273 , 0.05841 , 0.02655 , 0.11082 , 0.03525 , 0.07199 , 0.00218 , 0.03448 , 0.08848 , 0.04448 , 0.03011 , 0.08091 , 0.03126 , 0.01013 , 0.01872 , 0.11140 , 0.03454 
 5 , 0.02930 , 0.02930 , 0.02930 , 0.02880 , 0.02930 , 0.02930 , 0.04715 , 0.02920 , 0.02930 , 0.02930 , 0.02930 , 0.02930 , 0.02930 , 0.09153 , 0.07081 , 0.02930 , 0.02930 , 0.02930 , 0.01889 , 0.02930 , 0.02930 , 0.02930 , 0.02930 , 0.03109 , 0.05866 , 0.02930 , 0.07204 , 0.10104 , 0.02930 , 0.02930 , 0.02930 , 0.02914 , 0.01889 , 0.03778 , 0.03415 , 0.12269 , 0.03105 , 0.05577 , 0.02750 , 0.11219 , 0.03440 , 0.07230 , 0.00276 , 0.03578 , 0.08623 , 0.04327 , 0.02958 , 0.08304 , 0.03079 , 0.01031 , 0.01933 , 0.10916 , 0.03332 
 6 , 0.02886 , 0.02886 , 0.02886 , 0.02836 , 0.02886 , 0.02886 , 0.04550 , 0.02876 , 0.02886 , 0.02886 , 0.02886 , 0.02886 , 0.02886 , 0.08584 , 0.06715 , 0.02886 , 0.02886 , 0.02886 , 0.01890 , 0.02886 , 0.02886 , 0.02886 , 0.02886 , 0.03055 , 0.05869 , 0.02886 , 0.07239 , 0.10221 , 0.02886 , 0.02886 , 0.02886 , 0.02843 , 0.01890 , 0.03658 , 0.03497 , 0.12506 , 0.03037 , 0.05385 , 0.02832 , 0.11320 , 0.03432 , 0.07267 , 0.00344 , 0.03692 , 0.08536 , 0.04270 , 0.02928 , 0.08603 , 0.03058 , 0.01052 , 0.02011 , 0.10730 , 0.03255 
 7 , 0.02860 , 0.02860 , 0.02860 , 0.02810 , 0.02860 , 0.02860 , 0.04439 , 0.02850 , 0.02860 , 0.02860 , 0.02860 , 0.02860 , 0.02860 , 0.08223 , 0.06371 , 0.02860 , 0.02860 , 0.02860 , 0.01895 , 0.02860 , 0.02860 , 0.02860 , 0.02860 , 0.03027 , 0.05877 , 0.02860 , 0.07265 , 0.10339 , 0.02860 , 0.02860 , 0.02860 , 0.02793 , 0.01895 , 0.03561 , 0.03576 , 0.12723 , 0.03023 , 0.05246 , 0.02905 , 0.11431 , 0.03456 , 0.07303 , 0.00415 , 0.03787 , 0.08512 , 0.04240 , 0.02912 , 0.08899 , 0.03054 , 0.01075 , 0.02099 , 0.10575 , 0.03206 
 8 , 0.02847 , 0.02847 , 0.02847 , 0.02798 , 0.02847 , 0.02847 , 0.04363 , 0.02837 , 0.02847 , 0.02847 , 0.02847 , 0.02847 , 0.02847 , 0.08023 , 0.06064 , 0.02847 , 0.02847 , 0.02847 , 0.01903 , 0.02847 , 0.02847 , 0.02847 , 0.02847 , 0.03014 , 0.05888 , 0.02847 , 0.07284 , 0.10467 , 0.02847 , 0.02847 , 0.02847 , 0.02762 , 0.01903 , 0.03493 , 0.03651 , 0.12912 , 0.03030 , 0.05149 , 0.02971 , 0.11537 , 0.03468 , 0.07336 , 0.00478 , 0.03866 , 0.08510 , 0.04219 , 0.02906 , 0.09168 , 0.03054 , 0.01097 , 0.02191 , 0.10438 , 0.03177 
 9 , 0.02845 , 0.02845 , 0.02845 , 0.02796 , 0.02845 , 0.02845 , 0.04311 , 0.02835 , 0.02845 , 0.02845 , 0.02845 , 0.02845 , 0.02845 , 0.07942 , 0.05803 , 0.02845 , 0.02845 , 0.02845 , 0.01913 , 0.02845 , 0.02845 , 0.02845 , 0.02845 , 0.03009 , 0.05905 , 0.02845 , 0.07301 , 0.10582 , 0.02845 , 0.02845 , 0.02845 , 0.02748 , 0.01913 , 0.03448 , 0.03713 , 0.13056 , 0.03045 , 0.05083 , 0.03033 , 0.11621 , 0.03470 , 0.07369 , 0.00537 , 0.03934 , 0.08506 , 0.04207 , 0.02905 , 0.09406 , 0.03049 , 0.01121 , 0.02281 , 0.10307 , 0.03163 
 10 , 0.02850 , 0.02850 , 0.02850 , 0.02800 , 0.02850 , 0.02850 , 0.04276 , 0.02840 , 0.02850 , 0.02850 , 0.02850 , 0.02850 , 0.02850 , 0.07927 , 0.05590 , 0.02850 , 0.02850 , 0.02850 , 0.01924 , 0.02850 , 0.02850 , 0.02850 , 0.02850 , 0.03010 , 0.05920 , 0.02850 , 0.07311 , 0.10687 , 0.02850 , 0.02850 , 0.02850 , 0.02753 , 0.01924 , 0.03421 , 0.03762 , 0.13175 , 0.03060 , 0.05036 , 0.03090 , 0.11697 , 0.03469 , 0.07393 , 0.00596 , 0.03993 , 0.08486 , 0.04206 , 0.02909 , 0.09610 , 0.03036 , 0.01145 , 0.02366 , 0.10173 , 0.03160 
 11 , 0.02837 , 0.02837 , 0.02837 , 0.02787 , 0.02837 , 0.02837 , 0.04255 , 0.02827 , 0.02837 , 0.02837 , 0.02837 , 0.02837 , 0.02837 , 0.07943 , 0.05414 , 0.02837 , 0.02837 , 0.02837 , 0.01936 , 0.02837 , 0.02837 , 0.02837 , 0.02837 , 0.03013 , 0.05916 , 0.02837 , 0.07293 , 0.10791 , 0.02837 , 0.02837 , 0.02837 , 0.02775 , 0.01936 , 0.03404 , 0.03808 , 0.13229 , 0.03071 , 0.04997 , 0.03145 , 0.11720 , 0.03469 , 0.07399 , 0.00644 , 0.04047 , 0.08441 , 0.04216 , 0.02915 , 0.09778 , 0.03013 , 0.01182 , 0.02446 , 0.10035 , 0.03160 
 12 , 0.02870 , 0.02870 , 0.02870 , 0.02820 , 0.02870 , 0.02870 , 0.04242 , 0.02860 , 0.02870 , 0.02870 , 0.02870 , 0.02870 , 0.02870 , 0.07960 , 0.05267 , 0.02870 , 0.02870 , 0.02870 , 0.01949 , 0.02870 , 0.02870 , 0.02870 , 0.02870 , 0.03019 , 0.05895 , 0.02870 , 0.07251 , 0.10898 , 0.02870 , 0.02870 , 0.02870 , 0.02805 , 0.01949 , 0.03393 , 0.03850 , 0.13222 , 0.03079 , 0.04965 , 0.03196 , 0.11690 , 0.03469 , 0.07389 , 0.00686 , 0.04097 , 0.08378 , 0.04234 , 0.02924 , 0.09912 , 0.02983 , 0.01231 , 0.02521 , 0.09897 , 0.03162 
 13 , 0.02889 , 0.02889 , 0.02889 , 0.02839 , 0.02889 , 0.02889 , 0.04233 , 0.02879 , 0.02889 , 0.02889 , 0.02889 , 0.02889 , 0.02889 , 0.07960 , 0.05142 , 0.02889 , 0.02889 , 0.02889 , 0.01961 , 0.02889 , 0.02889 , 0.02889 , 0.02889 , 0.03025 , 0.05862 , 0.02889 , 0.07192 , 0.11007 , 0.02889 , 0.02889 , 0.02889 , 0.02839 , 0.01961 , 0.03384 , 0.03881 , 0.13168 , 0.03084 , 0.04937 , 0.03244 , 0.11622 , 0.03470 , 0.07369 , 0.00730 , 0.04141 , 0.08301 , 0.04255 , 0.02934 , 0.10013 , 0.02951 , 0.01287 , 0.02590 , 0.09759 , 0.03163 
 14 , 0.02884 , 0.02884 , 0.02884 , 0.02834 , 0.02884 , 0.02884 , 0.04225 , 0.02874 , 0.02884 , 0.02884 , 0.02884 , 0.02884 , 0.02884 , 0.07941 , 0.05034 , 0.02884 , 0.02884 , 0.02884 , 0.01973 , 0.02884 , 0.02884 , 0.02884 , 0.02884 , 0.03033 , 0.05820 , 0.02884 , 0.07120 , 0.11093 , 0.02884 , 0.02884 , 0.02884 , 0.02873 , 0.01973 , 0.03375 , 0.03901 , 0.13077 , 0.03087 , 0.04913 , 0.03290 , 0.11523 , 0.03471 , 0.07341 , 0.00774 , 0.04181 , 0.08216 , 0.04277 , 0.02944 , 0.10081 , 0.02920 , 0.01346 , 0.02653 , 0.09623 , 0.03164 
 15 , 0.02860 , 0.02860 , 0.02860 , 0.02811 , 0.02860 , 0.02860 , 0.04217 , 0.02850 , 0.02860 , 0.02860 , 0.02860 , 0.02860 , 0.02860 , 0.07888 , 0.04939 , 0.02860 , 0.02860 , 0.02860 , 0.01986 , 0.02860 , 0.02860 , 0.02860 , 0.02860 , 0.03041 , 0.05772 , 0.02860 , 0.07041 , 0.11133 , 0.02860 , 0.02860 , 0.02860 , 0.02905 , 0.01986 , 0.03366 , 0.03909 , 0.12957 , 0.03090 , 0.04892 , 0.03333 , 0.11402 , 0.03471 , 0.07307 , 0.00817 , 0.04220 , 0.08125 , 0.04299 , 0.02955 , 0.10115 , 0.02891 , 0.01407 , 0.02709 , 0.09490 , 0.03164 
 16 , 0.02824 , 0.02824 , 0.02824 , 0.02774 , 0.02824 , 0.02824 , 0.04206 , 0.02814 , 0.02824 , 0.02824 , 0.02824 , 0.02824 , 0.02824 , 0.07821 , 0.04856 , 0.02824 , 0.02824 , 0.02824 , 0.01998 , 0.02824 , 0.02824 , 0.02824 , 0.02824 , 0.03049 , 0.05720 , 0.02824 , 0.06956 , 0.11130 , 0.02824 , 0.02824 , 0.02824 , 0.02935 , 0.01998 , 0.03356 , 0.03908 , 0.12817 , 0.03092 , 0.04873 , 0.03374 , 0.11264 , 0.03472 , 0.07270 , 0.00858 , 0.04258 , 0.08030 , 0.04318 , 0.02966 , 0.10116 , 0.02864 , 0.01468 , 0.02758 , 0.09361 , 0.03162 
 17 , 0.02781 , 0.02781 , 0.02781 , 0.02731 , 0.02781 , 0.02781 , 0.04194 , 0.02771 , 0.02781 , 0.02781 , 0.02781 , 0.02781 , 0.02781 , 0.07748 , 0.04782 , 0.02781 , 0.02781 , 0.02781 , 0.02010 , 0.02781 , 0.02781 , 0.02781 , 0.02781 , 0.03058 , 0.05666 , 0.02781 , 0.06868 , 0.11093 , 0.02781 , 0.02781 , 0.02781 , 0.02963 , 0.02010 , 0.03345 , 0.03897 , 0.12661 , 0.03093 , 0.04856 , 0.03412 , 0.11115 , 0.03472 , 0.07231 , 0.00895 , 0.04294 , 0.07934 , 0.04335 , 0.02978 , 0.10089 , 0.02842 , 0.01528 , 0.02801 , 0.09236 , 0.03157 
 18 , 0.02740 , 0.02740 , 0.02740 , 0.02690 , 0.02740 , 0.02740 , 0.04180 , 0.02730 , 0.02740 , 0.02740 , 0.02740 , 0.02740 , 0.02740 , 0.07671 , 0.04716 , 0.02740 , 0.02740 , 0.02740 , 0.02021 , 0.02740 , 0.02740 , 0.02740 , 0.02740 , 0.03067 , 0.05610 , 0.02740 , 0.06778 , 0.11030 , 0.02740 , 0.02740 , 0.02740 , 0.02988 , 0.02021 , 0.03333 , 0.03878 , 0.12493 , 0.03094 , 0.04841 , 0.03449 , 0.10957 , 0.03472 , 0.07190 , 0.00929 , 0.04326 , 0.07837 , 0.04348 , 0.02989 , 0.10042 , 0.02824 , 0.01587 , 0.02840 , 0.09114 , 0.03148 
 19 , 0.02703 , 0.02703 , 0.02703 , 0.02653 , 0.02703 , 0.02703 , 0.04166 , 0.02693 , 0.02703 , 0.02703 , 0.02703 , 0.02703 , 0.02703 , 0.07592 , 0.04656 , 0.02703 , 0.02703 , 0.02703 , 0.02032 , 0.02703 , 0.02703 , 0.02703 , 0.02703 , 0.03075 , 0.05554 , 0.02703 , 0.06687 , 0.10946 , 0.02703 , 0.02703 , 0.02703 , 0.03011 , 0.02032 , 0.03321 , 0.03853 , 0.12317 , 0.03095 , 0.04827 , 0.03484 , 0.10794 , 0.03472 , 0.07148 , 0.00959 , 0.04352 , 0.07741 , 0.04357 , 0.03000 , 0.09978 , 0.02810 , 0.01645 , 0.02874 , 0.08997 , 0.03132 
 20 , 0.02674 , 0.02674 , 0.02674 , 0.02625 , 0.02674 , 0.02674 , 0.04151 , 0.02664 , 0.02674 , 0.02674 , 0.02674 , 0.02674 , 0.02674 , 0.07512 , 0.04602 , 0.02674 , 0.02674 , 0.02674 , 0.02043 , 0.02674 , 0.02674 , 0.02674 , 0.02674 , 0.03084 , 0.05498 , 0.02674 , 0.06597 , 0.10846 , 0.02674 , 0.02674 , 0.02674 , 0.03033 , 0.02043 , 0.03310 , 0.03820 , 0.12137 , 0.03096 , 0.04814 , 0.03517 , 0.10629 , 0.03472 , 0.07106 , 0.00985 , 0.04372 , 0.07646 , 0.04361 , 0.03011 , 0.09902 , 0.02802 , 0.01701 , 0.02904 , 0.08884 , 0.03111 
 21 , 0.02655 , 0.02655 , 0.02655 , 0.02607 , 0.02655 , 0.02655 , 0.04136 , 0.02646 , 0.02655 , 0.02655 , 0.02655 , 0.02655 , 0.02655 , 0.07432 , 0.04553 , 0.02655 , 0.02655 , 0.02655 , 0.02054 , 0.02655 , 0.02655 , 0.02655 , 0.02655 , 0.03092 , 0.05442 , 0.02655 , 0.06509 , 0.10734 , 0.02655 , 0.02655 , 0.02655 , 0.03052 , 0.02054 , 0.03298 , 0.03783 , 0.11954 , 0.03097 , 0.04802 , 0.03548 , 0.10462 , 0.03472 , 0.07065 , 0.01006 , 0.04383 , 0.07553 , 0.04360 , 0.03022 , 0.09817 , 0.02798 , 0.01754 , 0.02932 , 0.08776 , 0.03083 
 22 , 0.02644 , 0.02644 , 0.02644 , 0.02597 , 0.02644 , 0.02644 , 0.04121 , 0.02635 , 0.02644 , 0.02644 , 0.02644 , 0.02644 , 0.02644 , 0.07353 , 0.04508 , 0.02644 , 0.02644 , 0.02644 , 0.02064 , 0.02644 , 0.02644 , 0.02644 , 0.02644 , 0.03101 , 0.05388 , 0.02644 , 0.06422 , 0.10615 , 0.02644 , 0.02644 , 0.02644 , 0.03070 , 0.02064 , 0.03287 , 0.03741 , 0.11771 , 0.03098 , 0.04792 , 0.03577 , 0.10297 , 0.03472 , 0.07024 , 0.01022 , 0.04388 , 0.07462 , 0.04355 , 0.03032 , 0.09726 , 0.02798 , 0.01806 , 0.02957 , 0.08672 , 0.03050 
 23 , 0.02640 , 0.02640 , 0.02640 , 0.02593 , 0.02640 , 0.02640 , 0.04106 , 0.02631 , 0.02640 , 0.02640 , 0.02640 , 0.02640 , 0.02640 , 0.07275 , 0.04466 , 0.02640 , 0.02640 , 0.02640 , 0.02074 , 0.02640 , 0.02640 , 0.02640 , 0.02640 , 0.03109 , 0.05334 , 0.02640 , 0.06337 , 0.10490 , 0.02640 , 0.02640 , 0.02640 , 0.03086 , 0.02074 , 0.03275 , 0.03698 , 0.11589 , 0.03099 , 0.04782 , 0.03606 , 0.10133 , 0.03472 , 0.06983 , 0.01034 , 0.04388 , 0.07374 , 0.04347 , 0.03042 , 0.09630 , 0.02801 , 0.01856 , 0.02980 , 0.08573 , 0.03016 
 24 , 0.02640 , 0.02640 , 0.02640 , 0.02595 , 0.02640 , 0.02640 , 0.04091 , 0.02631 , 0.02640 , 0.02640 , 0.02640 , 0.02640 , 0.02640 , 0.07198 , 0.04428 , 0.02640 , 0.02640 , 0.02640 , 0.02083 , 0.02640 , 0.02640 , 0.02640 , 0.02640 , 0.03117 , 0.05282 , 0.02640 , 0.06254 , 0.10361 , 0.02640 , 0.02640 , 0.02640 , 0.03101 , 0.02083 , 0.03262 , 0.03654 , 0.11410 , 0.03101 , 0.04773 , 0.03632 , 0.09973 , 0.03472 , 0.06944 , 0.01040 , 0.04384 , 0.07289 , 0.04336 , 0.03052 , 0.09533 , 0.02806 , 0.01903 , 0.03001 , 0.08478 , 0.02982 
 25 , 0.02644 , 0.02644 , 0.02644 , 0.02600 , 0.02644 , 0.02644 , 0.04076 , 0.02635 , 0.02644 , 0.02644 , 0.02644 , 0.02644 , 0.02644 , 0.07123 , 0.04393 , 0.02644 , 0.02644 , 0.02644 , 0.02092 , 0.02644 , 0.02644 , 0.02644 , 0.02644 , 0.03124 , 0.05232 , 0.02644 , 0.06174 , 0.10231 , 0.02644 , 0.02644 , 0.02644 , 0.03115 , 0.02092 , 0.03248 , 0.03610 , 0.11234 , 0.03103 , 0.04764 , 0.03658 , 0.09816 , 0.03472 , 0.06905 , 0.01042 , 0.04376 , 0.07206 , 0.04324 , 0.03062 , 0.09434 , 0.02813 , 0.01949 , 0.03020 , 0.08387 , 0.02950 
 26 , 0.02651 , 0.02651 , 0.02651 , 0.02608 , 0.02651 , 0.02651 , 0.04061 , 0.02643 , 0.02651 , 0.02651 , 0.02651 , 0.02651 , 0.02651 , 0.07051 , 0.04360 , 0.02651 , 0.02651 , 0.02651 , 0.02101 , 0.02651 , 0.02651 , 0.02651 , 0.02651 , 0.03132 , 0.05183 , 0.02651 , 0.06096 , 0.10101 , 0.02651 , 0.02651 , 0.02651 , 0.03128 , 0.02101 , 0.03232 , 0.03568 , 0.11062 , 0.03105 , 0.04756 , 0.03682 , 0.09664 , 0.03472 , 0.06868 , 0.01038 , 0.04366 , 0.07127 , 0.04310 , 0.03071 , 0.09335 , 0.02822 , 0.01993 , 0.03038 , 0.08300 , 0.02920 
 27 , 0.02660 , 0.02660 , 0.02660 , 0.02618 , 0.02660 , 0.02660 , 0.04047 , 0.02652 , 0.02660 , 0.02660 , 0.02660 , 0.02660 , 0.02660 , 0.06980 , 0.04329 , 0.02660 , 0.02660 , 0.02660 , 0.02110 , 0.02660 , 0.02660 , 0.02660 , 0.02660 , 0.03139 , 0.05136 , 0.02660 , 0.06021 , 0.09971 , 0.02660 , 0.02660 , 0.02660 , 0.03140 , 0.02110 , 0.03215 , 0.03528 , 0.10896 , 0.03108 , 0.04748 , 0.03705 , 0.09516 , 0.03471 , 0.06832 , 0.01034 , 0.04353 , 0.07050 , 0.04296 , 0.03080 , 0.09237 , 0.02831 , 0.02034 , 0.03054 , 0.08216 , 0.02893 
 28 , 0.02671 , 0.02671 , 0.02671 , 0.02630 , 0.02671 , 0.02671 , 0.04033 , 0.02663 , 0.02671 , 0.02671 , 0.02671 , 0.02671 , 0.02671 , 0.06912 , 0.04300 , 0.02671 , 0.02671 , 0.02671 , 0.02118 , 0.02671 , 0.02671 , 0.02671 , 0.02671 , 0.03146 , 0.05090 , 0.02671 , 0.05949 , 0.09844 , 0.02671 , 0.02671 , 0.02671 , 0.03151 , 0.02118 , 0.03196 , 0.03492 , 0.10734 , 0.03110 , 0.04741 , 0.03727 , 0.09373 , 0.03471 , 0.06797 , 0.01032 , 0.04340 , 0.06977 , 0.04280 , 0.03089 , 0.09141 , 0.02841 , 0.02074 , 0.03069 , 0.08137 , 0.02870 
 29 , 0.02683 , 0.02683 , 0.02683 , 0.02643 , 0.02683 , 0.02683 , 0.04019 , 0.02675 , 0.02683 , 0.02683 , 0.02683 , 0.02683 , 0.02683 , 0.06847 , 0.04274 , 0.02683 , 0.02683 , 0.02683 , 0.02126 , 0.02683 , 0.02683 , 0.02683 , 0.02683 , 0.03153 , 0.05046 , 0.02683 , 0.05880 , 0.09719 , 0.02683 , 0.02683 , 0.02683 , 0.03161 , 0.02126 , 0.03174 , 0.03459 , 0.10578 , 0.03113 , 0.04735 , 0.03748 , 0.09236 , 0.03471 , 0.06763 , 0.01035 , 0.04325 , 0.06906 , 0.04264 , 0.03098 , 0.09046 , 0.02852 , 0.02112 , 0.03083 , 0.08061 , 0.02851 
 30 , 0.02696 , 0.02696 , 0.02696 , 0.02657 , 0.02696 , 0.02696 , 0.04006 , 0.02688 , 0.02696 , 0.02696 , 0.02696 , 0.02696 , 0.02696 , 0.06783 , 0.04248 , 0.02696 , 0.02696 , 0.02696 , 0.02133 , 0.02696 , 0.02696 , 0.02696 , 0.02696 , 0.03160 , 0.05004 , 0.02696 , 0.05814 , 0.09597 , 0.02696 , 0.02696 , 0.02696 , 0.03171 , 0.02133 , 0.03151 , 0.03430 , 0.10428 , 0.03117 , 0.04728 , 0.03768 , 0.09103 , 0.03471 , 0.06730 , 0.01046 , 0.04310 , 0.06838 , 0.04248 , 0.03106 , 0.08954 , 0.02863 , 0.02149 , 0.03096 , 0.07988 , 0.02837 
 31 , 0.02709 , 0.02709 , 0.02709 , 0.02671 , 0.02709 , 0.02709 , 0.03993 , 0.02701 , 0.02709 , 0.02709 , 0.02709 , 0.02709 , 0.02709 , 0.06722 , 0.04225 , 0.02709 , 0.02709 , 0.02709 , 0.02141 , 0.02709 , 0.02709 , 0.02709 , 0.02709 , 0.03166 , 0.04963 , 0.02709 , 0.05750 , 0.09479 , 0.02709 , 0.02709 , 0.02709 , 0.03180 , 0.02141 , 0.03125 , 0.03406 , 0.10283 , 0.03121 , 0.04722 , 0.03788 , 0.08976 , 0.03470 , 0.06699 , 0.01065 , 0.04294 , 0.06773 , 0.04232 , 0.03114 , 0.08865 , 0.02874 , 0.02184 , 0.03108 , 0.07919 , 0.02827 
 32 , 0.02723 , 0.02723 , 0.02723 , 0.02686 , 0.02723 , 0.02723 , 0.03980 , 0.02715 , 0.02723 , 0.02723 , 0.02723 , 0.02723 , 0.02723 , 0.06664 , 0.04202 , 0.02723 , 0.02723 , 0.02723 , 0.02148 , 0.02723 , 0.02723 , 0.02723 , 0.02723 , 0.03173 , 0.04924 , 0.02723 , 0.05688 , 0.09364 , 0.02723 , 0.02723 , 0.02723 , 0.03188 , 0.02148 , 0.03098 , 0.03387 , 0.10144 , 0.03125 , 0.04717 , 0.03806 , 0.08853 , 0.03470 , 0.06668 , 0.01090 , 0.04278 , 0.06711 , 0.04216 , 0.03121 , 0.08778 , 0.02885 , 0.02217 , 0.03119 , 0.07853 , 0.02821 
 33 , 0.02736 , 0.02736 , 0.02736 , 0.02701 , 0.02736 , 0.02736 , 0.03968 , 0.02729 , 0.02736 , 0.02736 , 0.02736 , 0.02736 , 0.02736 , 0.06608 , 0.04181 , 0.02736 , 0.02736 , 0.02736 , 0.02155 , 0.02736 , 0.02736 , 0.02736 , 0.02736 , 0.03179 , 0.04886 , 0.02736 , 0.05629 , 0.09253 , 0.02736 , 0.02736 , 0.02736 , 0.03196 , 0.02155 , 0.03070 , 0.03370 , 0.10010 , 0.03129 , 0.04711 , 0.03824 , 0.08736 , 0.03470 , 0.06639 , 0.01120 , 0.04261 , 0.06651 , 0.04200 , 0.03129 , 0.08694 , 0.02896 , 0.02249 , 0.03130 , 0.07790 , 0.02818 
 34 , 0.02750 , 0.02750 , 0.02750 , 0.02715 , 0.02750 , 0.02750 , 0.03956 , 0.02743 , 0.02750 , 0.02750 , 0.02750 , 0.02750 , 0.02750 , 0.06554 , 0.04161 , 0.02750 , 0.02750 , 0.02750 , 0.02161 , 0.02750 , 0.02750 , 0.02750 , 0.02750 , 0.03184 , 0.04850 , 0.02750 , 0.05573 , 0.09146 , 0.02750 , 0.02750 , 0.02750 , 0.03204 , 0.02161 , 0.03043 , 0.03357 , 0.09882 , 0.03133 , 0.04706 , 0.03840 , 0.08623 , 0.03470 , 0.06611 , 0.01154 , 0.04245 , 0.06594 , 0.04184 , 0.03136 , 0.08613 , 0.02907 , 0.02280 , 0.03140 , 0.07729 , 0.02817 
 35 , 0.02764 , 0.02764 , 0.02764 , 0.02730 , 0.02764 , 0.02764 , 0.03945 , 0.02758 , 0.02764 , 0.02764 , 0.02764 , 0.02764 , 0.02764 , 0.06502 , 0.04142 , 0.02764 , 0.02764 , 0.02764 , 0.02168 , 0.02764 , 0.02764 , 0.02764 , 0.02764 , 0.03190 , 0.04815 , 0.02764 , 0.05519 , 0.09043 , 0.02764 , 0.02764 , 0.02764 , 0.03211 , 0.02168 , 0.03016 , 0.03346 , 0.09759 , 0.03138 , 0.04701 , 0.03856 , 0.08515 , 0.03469 , 0.06584 , 0.01191 , 0.04229 , 0.06539 , 0.04168 , 0.03143 , 0.08534 , 0.02918 , 0.02309 , 0.03149 , 0.07671 , 0.02819 
 36 , 0.02778 , 0.02778 , 0.02778 , 0.02745 , 0.02778 , 0.02778 , 0.03934 , 0.02772 , 0.02778 , 0.02778 , 0.02778 , 0.02778 , 0.02778 , 0.06452 , 0.04124 , 0.02778 , 0.02778 , 0.02778 , 0.02174 , 0.02778 , 0.02778 , 0.02778 , 0.02778 , 0.03196 , 0.04782 , 0.02778 , 0.05467 , 0.08944 , 0.02778 , 0.02778 , 0.02778 , 0.03217 , 0.02174 , 0.02989 , 0.03337 , 0.09642 , 0.03143 , 0.04697 , 0.03872 , 0.08412 , 0.03469 , 0.06558 , 0.01229 , 0.04213 , 0.06487 , 0.04153 , 0.03150 , 0.08459 , 0.02929 , 0.02337 , 0.03158 , 0.07616 , 0.02823 
 37 , 0.02792 , 0.02792 , 0.02792 , 0.02759 , 0.02792 , 0.02792 , 0.03923 , 0.02785 , 0.02792 , 0.02792 , 0.02792 , 0.02792 , 0.02792 , 0.06404 , 0.04107 , 0.02792 , 0.02792 , 0.02792 , 0.02180 , 0.02792 , 0.02792 , 0.02792 , 0.02792 , 0.03201 , 0.04750 , 0.02792 , 0.05417 , 0.08849 , 0.02792 , 0.02792 , 0.02792 , 0.03223 , 0.02180 , 0.02965 , 0.03329 , 0.09529 , 0.03147 , 0.04692 , 0.03887 , 0.08313 , 0.03469 , 0.06533 , 0.01268 , 0.04197 , 0.06436 , 0.04138 , 0.03156 , 0.08386 , 0.02940 , 0.02364 , 0.03166 , 0.07563 , 0.02827 
 38 , 0.02805 , 0.02805 , 0.02805 , 0.02774 , 0.02805 , 0.02805 , 0.03913 , 0.02799 , 0.02805 , 0.02805 , 0.02805 , 0.02805 , 0.02805 , 0.06358 , 0.04091 , 0.02805 , 0.02805 , 0.02805 , 0.02185 , 0.02805 , 0.02805 , 0.02805 , 0.02805 , 0.03206 , 0.04719 , 0.02805 , 0.05370 , 0.08757 , 0.02805 , 0.02805 , 0.02805 , 0.03229 , 0.02185 , 0.02941 , 0.03323 , 0.09421 , 0.03152 , 0.04688 , 0.03901 , 0.08218 , 0.03469 , 0.06509 , 0.01308 , 0.04181 , 0.06388 , 0.04124 , 0.03162 , 0.08317 , 0.02950 , 0.02389 , 0.03174 , 0.07513 , 0.02833 
 39 , 0.02818 , 0.02818 , 0.02818 , 0.02788 , 0.02818 , 0.02818 , 0.03903 , 0.02812 , 0.02818 , 0.02818 , 0.02818 , 0.02818 , 0.02818 , 0.06314 , 0.04076 , 0.02818 , 0.02818 , 0.02818 , 0.02191 , 0.02818 , 0.02818 , 0.02818 , 0.02818 , 0.03211 , 0.04689 , 0.02818 , 0.05324 , 0.08669 , 0.02818 , 0.02818 , 0.02818 , 0.03235 , 0.02191 , 0.02919 , 0.03319 , 0.09318 , 0.03157 , 0.04684 , 0.03914 , 0.08128 , 0.03468 , 0.06486 , 0.01348 , 0.04166 , 0.06342 , 0.04109 , 0.03168 , 0.08250 , 0.02960 , 0.02414 , 0.03182 , 0.07464 , 0.02840 
 40 , 0.02831 , 0.02831 , 0.02831 , 0.02801 , 0.02831 , 0.02831 , 0.03893 , 0.02825 , 0.02831 , 0.02831 , 0.02831 , 0.02831 , 0.02831 , 0.06272 , 0.04061 , 0.02831 , 0.02831 , 0.02831 , 0.02196 , 0.02831 , 0.02831 , 0.02831 , 0.02831 , 0.03216 , 0.04661 , 0.02831 , 0.05280 , 0.08584 , 0.02831 , 0.02831 , 0.02831 , 0.03240 , 0.02196 , 0.02899 , 0.03315 , 0.09218 , 0.03161 , 0.04680 , 0.03927 , 0.08041 , 0.03468 , 0.06463 , 0.01388 , 0.04151 , 0.06297 , 0.04096 , 0.03174 , 0.08185 , 0.02970 , 0.02438 , 0.03189 , 0.07418 , 0.02847 
 41 , 0.02844 , 0.02844 , 0.02844 , 0.02814 , 0.02844 , 0.02844 , 0.03884 , 0.02838 , 0.02844 , 0.02844 , 0.02844 , 0.02844 , 0.02844 , 0.06231 , 0.04047 , 0.02844 , 0.02844 , 0.02844 , 0.02201 , 0.02844 , 0.02844 , 0.02844 , 0.02844 , 0.03221 , 0.04633 , 0.02844 , 0.05238 , 0.08503 , 0.02844 , 0.02844 , 0.02844 , 0.03246 , 0.02201 , 0.02881 , 0.03312 , 0.09124 , 0.03166 , 0.04676 , 0.03940 , 0.07957 , 0.03468 , 0.06442 , 0.01427 , 0.04137 , 0.06255 , 0.04082 , 0.03180 , 0.08123 , 0.02980 , 0.02461 , 0.03195 , 0.07373 , 0.02855 
 42 , 0.02856 , 0.02856 , 0.02856 , 0.02827 , 0.02856 , 0.02856 , 0.03875 , 0.02850 , 0.02856 , 0.02856 , 0.02856 , 0.02856 , 0.02856 , 0.06192 , 0.04033 , 0.02856 , 0.02856 , 0.02856 , 0.02206 , 0.02856 , 0.02856 , 0.02856 , 0.02856 , 0.03225 , 0.04607 , 0.02856 , 0.05197 , 0.08425 , 0.02856 , 0.02856 , 0.02856 , 0.03250 , 0.02206 , 0.02864 , 0.03310 , 0.09033 , 0.03170 , 0.04672 , 0.03952 , 0.07877 , 0.03468 , 0.06421 , 0.01467 , 0.04123 , 0.06214 , 0.04069 , 0.03185 , 0.08064 , 0.02989 , 0.02482 , 0.03202 , 0.07331 , 0.02863 
 43 , 0.02868 , 0.02868 , 0.02868 , 0.02840 , 0.02868 , 0.02868 , 0.03866 , 0.02862 , 0.02868 , 0.02868 , 0.02868 , 0.02868 , 0.02868 , 0.06155 , 0.04020 , 0.02868 , 0.02868 , 0.02868 , 0.02211 , 0.02868 , 0.02868 , 0.02868 , 0.02868 , 0.03229 , 0.04582 , 0.02868 , 0.05159 , 0.08350 , 0.02868 , 0.02868 , 0.02868 , 0.03255 , 0.02211 , 0.02849 , 0.03309 , 0.08945 , 0.03175 , 0.04669 , 0.03964 , 0.07801 , 0.03467 , 0.06401 , 0.01505 , 0.04109 , 0.06175 , 0.04056 , 0.03190 , 0.08006 , 0.02999 , 0.02503 , 0.03208 , 0.07290 , 0.02871 
 44 , 0.02879 , 0.02879 , 0.02879 , 0.02852 , 0.02879 , 0.02879 , 0.03858 , 0.02874 , 0.02879 , 0.02879 , 0.02879 , 0.02879 , 0.02879 , 0.06119 , 0.04008 , 0.02879 , 0.02879 , 0.02879 , 0.02216 , 0.02879 , 0.02879 , 0.02879 , 0.02879 , 0.03234 , 0.04558 , 0.02879 , 0.05121 , 0.08278 , 0.02879 , 0.02879 , 0.02879 , 0.03259 , 0.02216 , 0.02836 , 0.03308 , 0.08862 , 0.03179 , 0.04666 , 0.03975 , 0.07727 , 0.03467 , 0.06382 , 0.01543 , 0.04096 , 0.06137 , 0.04044 , 0.03195 , 0.07951 , 0.03007 , 0.02523 , 0.03214 , 0.07251 , 0.02880 
 45 , 0.02891 , 0.02891 , 0.02891 , 0.02864 , 0.02891 , 0.02891 , 0.03850 , 0.02885 , 0.02891 , 0.02891 , 0.02891 , 0.02891 , 0.02891 , 0.06084 , 0.03996 , 0.02891 , 0.02891 , 0.02891 , 0.02220 , 0.02891 , 0.02891 , 0.02891 , 0.02891 , 0.03238 , 0.04534 , 0.02891 , 0.05085 , 0.08209 , 0.02891 , 0.02891 , 0.02891 , 0.03264 , 0.02220 , 0.02825 , 0.03308 , 0.08781 , 0.03184 , 0.04662 , 0.03986 , 0.07657 , 0.03467 , 0.06364 , 0.01580 , 0.04083 , 0.06101 , 0.04032 , 0.03200 , 0.07899 , 0.03016 , 0.02543 , 0.03219 , 0.07213 , 0.02888 
 46 , 0.02902 , 0.02902 , 0.02902 , 0.02875 , 0.02902 , 0.02902 , 0.03842 , 0.02896 , 0.02902 , 0.02902 , 0.02902 , 0.02902 , 0.02902 , 0.06051 , 0.03985 , 0.02902 , 0.02902 , 0.02902 , 0.02225 , 0.02902 , 0.02902 , 0.02902 , 0.02902 , 0.03242 , 0.04512 , 0.02902 , 0.05051 , 0.08142 , 0.02902 , 0.02902 , 0.02902 , 0.03268 , 0.02225 , 0.02816 , 0.03308 , 0.08704 , 0.03188 , 0.04659 , 0.03996 , 0.07589 , 0.03467 , 0.06346 , 0.01616 , 0.04070 , 0.06066 , 0.04021 , 0.03205 , 0.07848 , 0.03024 , 0.02562 , 0.03224 , 0.07177 , 0.02897 
 47 , 0.02912 , 0.02912 , 0.02912 , 0.02886 , 0.02912 , 0.02912 , 0.03835 , 0.02907 , 0.02912 , 0.02912 , 0.02912 , 0.02912 , 0.02912 , 0.06019 , 0.03974 , 0.02912 , 0.02912 , 0.02912 , 0.02229 , 0.02912 , 0.02912 , 0.02912 , 0.02912 , 0.03246 , 0.04490 , 0.02912 , 0.05018 , 0.08079 , 0.02912 , 0.02912 , 0.02912 , 0.03272 , 0.02229 , 0.02808 , 0.03308 , 0.08630 , 0.03192 , 0.04656 , 0.04006 , 0.07524 , 0.03467 , 0.06329 , 0.01651 , 0.04058 , 0.06033 , 0.04010 , 0.03210 , 0.07799 , 0.03033 , 0.02579 , 0.03229 , 0.07142 , 0.02905 
 48 , 0.02922 , 0.02922 , 0.02922 , 0.02897 , 0.02922 , 0.02922 , 0.03827 , 0.02917 , 0.02922 , 0.02922 , 0.02922 , 0.02922 , 0.02922 , 0.05988 , 0.03964 , 0.02922 , 0.02922 , 0.02922 , 0.02233 , 0.02922 , 0.02922 , 0.02922 , 0.02922 , 0.03249 , 0.04469 , 0.02922 , 0.04986 , 0.08017 , 0.02922 , 0.02922 , 0.02922 , 0.03275 , 0.02233 , 0.02802 , 0.03308 , 0.08559 , 0.03196 , 0.04653 , 0.04016 , 0.07461 , 0.03466 , 0.06313 , 0.01686 , 0.04047 , 0.06000 , 0.03999 , 0.03214 , 0.07752 , 0.03040 , 0.02597 , 0.03234 , 0.07109 , 0.02914 
 49 , 0.02932 , 0.02932 , 0.02932 , 0.02908 , 0.02932 , 0.02932 , 0.03820 , 0.02927 , 0.02932 , 0.02932 , 0.02932 , 0.02932 , 0.02932 , 0.05958 , 0.03953 , 0.02932 , 0.02932 , 0.02932 , 0.02237 , 0.02932 , 0.02932 , 0.02932 , 0.02932 , 0.03253 , 0.04449 , 0.02932 , 0.04955 , 0.07958 , 0.02932 , 0.02932 , 0.02932 , 0.03279 , 0.02237 , 0.02798 , 0.03309 , 0.08491 , 0.03201 , 0.04651 , 0.04025 , 0.07401 , 0.03466 , 0.06297 , 0.01719 , 0.04035 , 0.05969 , 0.03988 , 0.03218 , 0.07706 , 0.03048 , 0.02613 , 0.03239 , 0.07076 , 0.02923 
 50 , 0.02942 , 0.02942 , 0.02942 , 0.02918 , 0.02942 , 0.02942 , 0.03813 , 0.02937 , 0.02942 , 0.02942 , 0.02942 , 0.02942 , 0.02942 , 0.05930 , 0.03944 , 0.02942 , 0.02942 , 0.02942 , 0.02241 , 0.02942 , 0.02942 , 0.02942 , 0.02942 , 0.03256 , 0.04430 , 0.02942 , 0.04926 , 0.07901 , 0.02942 , 0.02942 , 0.02942 , 0.03282 , 0.02241 , 0.02795 , 0.03310 , 0.08425 , 0.03205 , 0.04648 , 0.04034 , 0.07343 , 0.03466 , 0.06281 , 0.01751 , 0.04024 , 0.05940 , 0.03978 , 0.03223 , 0.07663 , 0.03055 , 0.02629 , 0.03243 , 0.07045 , 0.02931 
 51 , 0.02951 , 0.02951 , 0.02951 , 0.02927 , 0.02951 , 0.02951 , 0.03807 , 0.02946 , 0.02951 , 0.02951 , 0.02951 , 0.02951 , 0.02951 , 0.05902 , 0.03934 , 0.02951 , 0.02951 , 0.02951 , 0.02244 , 0.02951 , 0.02951 , 0.02951 , 0.02951 , 0.03260 , 0.04411 , 0.02951 , 0.04897 , 0.07846 , 0.02951 , 0.02951 , 0.02951 , 0.03286 , 0.02244 , 0.02794 , 0.03311 , 0.08362 , 0.03208 , 0.04645 , 0.04043 , 0.07288 , 0.03466 , 0.06267 , 0.01783 , 0.04014 , 0.05911 , 0.03969 , 0.03227 , 0.07621 , 0.03063 , 0.02645 , 0.03247 , 0.07015 , 0.02940 
 52 , 0.02960 , 0.02960 , 0.02960 , 0.02937 , 0.02960 , 0.02960 , 0.03800 , 0.02956 , 0.02960 , 0.02960 , 0.02960 , 0.02960 , 0.02960 , 0.05876 , 0.03925 , 0.02960 , 0.02960 , 0.02960 , 0.02248 , 0.02960 , 0.02960 , 0.02960 , 0.02960 , 0.03263 , 0.04393 , 0.02960 , 0.04870 , 0.07794 , 0.02960 , 0.02960 , 0.02960 , 0.03289 , 0.02248 , 0.02795 , 0.03312 , 0.08301 , 0.03212 , 0.04643 , 0.04051 , 0.07234 , 0.03465 , 0.06252 , 0.01814 , 0.04003 , 0.05883 , 0.03959 , 0.03230 , 0.07580 , 0.03070 , 0.02660 , 0.03251 , 0.06987 , 0.02948 
 53 , 0.02969 , 0.02969 , 0.02969 , 0.02946 , 0.02969 , 0.02969 , 0.03794 , 0.02964 , 0.02969 , 0.02969 , 0.02969 , 0.02969 , 0.02969 , 0.05850 , 0.03917 , 0.02969 , 0.02969 , 0.02969 , 0.02251 , 0.02969 , 0.02969 , 0.02969 , 0.02969 , 0.03266 , 0.04376 , 0.02969 , 0.04843 , 0.07743 , 0.02969 , 0.02969 , 0.02969 , 0.03292 , 0.02251 , 0.02797 , 0.03314 , 0.08242 , 0.03216 , 0.04640 , 0.04059 , 0.07183 , 0.03465 , 0.06238 , 0.01843 , 0.03993 , 0.05856 , 0.03950 , 0.03234 , 0.07541 , 0.03076 , 0.02674 , 0.03255 , 0.06959 , 0.02956 
 54 , 0.02978 , 0.02978 , 0.02978 , 0.02955 , 0.02978 , 0.02978 , 0.03788 , 0.02973 , 0.02978 , 0.02978 , 0.02978 , 0.02978 , 0.02978 , 0.05825 , 0.03908 , 0.02978 , 0.02978 , 0.02978 , 0.02255 , 0.02978 , 0.02978 , 0.02978 , 0.02978 , 0.03269 , 0.04359 , 0.02978 , 0.04818 , 0.07694 , 0.02978 , 0.02978 , 0.02978 , 0.03295 , 0.02255 , 0.02800 , 0.03315 , 0.08185 , 0.03220 , 0.04638 , 0.04067 , 0.07133 , 0.03465 , 0.06225 , 0.01872 , 0.03984 , 0.05831 , 0.03941 , 0.03238 , 0.07504 , 0.03083 , 0.02688 , 0.03259 , 0.06932 , 0.02964 
 55 , 0.02986 , 0.02986 , 0.02986 , 0.02964 , 0.02986 , 0.02986 , 0.03782 , 0.02981 , 0.02986 , 0.02986 , 0.02986 , 0.02986 , 0.02986 , 0.05802 , 0.03900 , 0.02986 , 0.02986 , 0.02986 , 0.02258 , 0.02986 , 0.02986 , 0.02986 , 0.02986 , 0.03272 , 0.04343 , 0.02986 , 0.04793 , 0.07647 , 0.02986 , 0.02986 , 0.02986 , 0.03298 , 0.02258 , 0.02803 , 0.03317 , 0.08131 , 0.03223 , 0.04636 , 0.04074 , 0.07085 , 0.03465 , 0.06212 , 0.01900 , 0.03974 , 0.05806 , 0.03932 , 0.03242 , 0.07467 , 0.03089 , 0.02702 , 0.03263 , 0.06906 , 0.02971 
 56 , 0.02994 , 0.02994 , 0.02994 , 0.02972 , 0.02994 , 0.02994 , 0.03776 , 0.02989 , 0.02994 , 0.02994 , 0.02994 , 0.02994 , 0.02994 , 0.05778 , 0.03893 , 0.02994 , 0.02994 , 0.02994 , 0.02261 , 0.02994 , 0.02994 , 0.02994 , 0.02994 , 0.03275 , 0.04327 , 0.02994 , 0.04769 , 0.07601 , 0.02994 , 0.02994 , 0.02994 , 0.03300 , 0.02261 , 0.02808 , 0.03318 , 0.08078 , 0.03227 , 0.04634 , 0.04082 , 0.07038 , 0.03465 , 0.06200 , 0.01927 , 0.03965 , 0.05782 , 0.03924 , 0.03245 , 0.07432 , 0.03095 , 0.02715 , 0.03266 , 0.06881 , 0.02979 
 57 , 0.03001 , 0.03001 , 0.03001 , 0.02980 , 0.03001 , 0.03001 , 0.03771 , 0.02997 , 0.03001 , 0.03001 , 0.03001 , 0.03001 , 0.03001 , 0.05756 , 0.03885 , 0.03001 , 0.03001 , 0.03001 , 0.02264 , 0.03001 , 0.03001 , 0.03001 , 0.03001 , 0.03278 , 0.04312 , 0.03001 , 0.04746 , 0.07557 , 0.03001 , 0.03001 , 0.03001 , 0.03303 , 0.02264 , 0.02812 , 0.03320 , 0.08027 , 0.03230 , 0.04632 , 0.04089 , 0.06994 , 0.03464 , 0.06188 , 0.01954 , 0.03956 , 0.05759 , 0.03916 , 0.03248 , 0.07398 , 0.03101 , 0.02727 , 0.03269 , 0.06857 , 0.02986 
 58 , 0.03009 , 0.03009 , 0.03009 , 0.02988 , 0.03009 , 0.03009 , 0.03766 , 0.03005 , 0.03009 , 0.03009 , 0.03009 , 0.03009 , 0.03009 , 0.05735 , 0.03878 , 0.03009 , 0.03009 , 0.03009 , 0.02267 , 0.03009 , 0.03009 , 0.03009 , 0.03009 , 0.03281 , 0.04297 , 0.03009 , 0.04724 , 0.07514 , 0.03009 , 0.03009 , 0.03009 , 0.03305 , 0.02267 , 0.02818 , 0.03321 , 0.07978 , 0.03233 , 0.04629 , 0.04096 , 0.06950 , 0.03464 , 0.06176 , 0.01979 , 0.03948 , 0.05736 , 0.03908 , 0.03252 , 0.07366 , 0.03107 , 0.02740 , 0.03273 , 0.06834 , 0.02994 
 59 , 0.03016 , 0.03016 , 0.03016 , 0.02996 , 0.03016 , 0.03016 , 0.03760 , 0.03012 , 0.03016 , 0.03016 , 0.03016 , 0.03016 , 0.03016 , 0.05714 , 0.03871 , 0.03016 , 0.03016 , 0.03016 , 0.02270 , 0.03016 , 0.03016 , 0.03016 , 0.03016 , 0.03283 , 0.04283 , 0.03016 , 0.04703 , 0.07473 , 0.03016 , 0.03016 , 0.03016 , 0.03308 , 0.02270 , 0.02824 , 0.03323 , 0.07931 , 0.03237 , 0.04627 , 0.04102 , 0.06909 , 0.03464 , 0.06165 , 0.02004 , 0.03940 , 0.05714 , 0.03901 , 0.03255 , 0.07334 , 0.03113 , 0.02751 , 0.03276 , 0.06811 , 0.03001 
 60 , 0.03023 , 0.03023 , 0.03023 , 0.03003 , 0.03023 , 0.03023 , 0.03755 , 0.03019 , 0.03023 , 0.03023 , 0.03023 , 0.03023 , 0.03023 , 0.05694 , 0.03864 , 0.03023 , 0.03023 , 0.03023 , 0.02273 , 0.03023 , 0.03023 , 0.03023 , 0.03023 , 0.03286 , 0.04269 , 0.03023 , 0.04682 , 0.07433 , 0.03023 , 0.03023 , 0.03023 , 0.03310 , 0.02273 , 0.02830 , 0.03324 , 0.07885 , 0.03240 , 0.04625 , 0.04109 , 0.06868 , 0.03464 , 0.06154 , 0.02028 , 0.03932 , 0.05693 , 0.03893 , 0.03258 , 0.07303 , 0.03118 , 0.02763 , 0.03279 , 0.06790 , 0.03008 
 61 , 0.03030 , 0.03030 , 0.03030 , 0.03010 , 0.03030 , 0.03030 , 0.03751 , 0.03026 , 0.03030 , 0.03030 , 0.03030 , 0.03030 , 0.03030 , 0.05674 , 0.03857 , 0.03030 , 0.03030 , 0.03030 , 0.02276 , 0.03030 , 0.03030 , 0.03030 , 0.03030 , 0.03289 , 0.04256 , 0.03030 , 0.04662 , 0.07395 , 0.03030 , 0.03030 , 0.03030 , 0.03313 , 0.02276 , 0.02836 , 0.03326 , 0.07840 , 0.03243 , 0.04624 , 0.04115 , 0.06829 , 0.03464 , 0.06143 , 0.02052 , 0.03924 , 0.05673 , 0.03886 , 0.03261 , 0.07274 , 0.03123 , 0.02774 , 0.03282 , 0.06769 , 0.03014 
 62 , 0.03037 , 0.03037 , 0.03037 , 0.03017 , 0.03037 , 0.03037 , 0.03746 , 0.03033 , 0.03037 , 0.03037 , 0.03037 , 0.03037 , 0.03037 , 0.05655 , 0.03851 , 0.03037 , 0.03037 , 0.03037 , 0.02278 , 0.03037 , 0.03037 , 0.03037 , 0.03037 , 0.03291 , 0.04243 , 0.03037 , 0.04642 , 0.07358 , 0.03037 , 0.03037 , 0.03037 , 0.03315 , 0.02278 , 0.02843 , 0.03328 , 0.07797 , 0.03246 , 0.04622 , 0.04121 , 0.06791 , 0.03464 , 0.06133 , 0.02074 , 0.03916 , 0.05653 , 0.03879 , 0.03264 , 0.07245 , 0.03128 , 0.02785 , 0.03284 , 0.06748 , 0.03021 
 63 , 0.03043 , 0.03043 , 0.03043 , 0.03024 , 0.03043 , 0.03043 , 0.03741 , 0.03039 , 0.03043 , 0.03043 , 0.03043 , 0.03043 , 0.03043 , 0.05637 , 0.03844 , 0.03043 , 0.03043 , 0.03043 , 0.02281 , 0.03043 , 0.03043 , 0.03043 , 0.03043 , 0.03293 , 0.04230 , 0.03043 , 0.04623 , 0.07322 , 0.03043 , 0.03043 , 0.03043 , 0.03317 , 0.02281 , 0.02849 , 0.03329 , 0.07756 , 0.03249 , 0.04620 , 0.04127 , 0.06755 , 0.03463 , 0.06123 , 0.02096 , 0.03909 , 0.05634 , 0.03873 , 0.03267 , 0.07217 , 0.03133 , 0.02795 , 0.03287 , 0.06728 , 0.03027 
 64 , 0.03049 , 0.03049 , 0.03049 , 0.03030 , 0.03049 , 0.03049 , 0.03737 , 0.03045 , 0.03049 , 0.03049 , 0.03049 , 0.03049 , 0.03049 , 0.05619 , 0.03838 , 0.03049 , 0.03049 , 0.03049 , 0.02284 , 0.03049 , 0.03049 , 0.03049 , 0.03049 , 0.03296 , 0.04218 , 0.03049 , 0.04605 , 0.07287 , 0.03049 , 0.03049 , 0.03049 , 0.03319 , 0.02284 , 0.02856 , 0.03331 , 0.07716 , 0.03252 , 0.04618 , 0.04133 , 0.06719 , 0.03463 , 0.06113 , 0.02118 , 0.03902 , 0.05616 , 0.03866 , 0.03269 , 0.07190 , 0.03138 , 0.02805 , 0.03290 , 0.06709 , 0.03034 
 65 , 0.03055 , 0.03055 , 0.03055 , 0.03037 , 0.03055 , 0.03055 , 0.03733 , 0.03052 , 0.03055 , 0.03055 , 0.03055 , 0.03055 , 0.03055 , 0.05602 , 0.03833 , 0.03055 , 0.03055 , 0.03055 , 0.02286 , 0.03055 , 0.03055 , 0.03055 , 0.03055 , 0.03298 , 0.04206 , 0.03055 , 0.04587 , 0.07253 , 0.03055 , 0.03055 , 0.03055 , 0.03321 , 0.02286 , 0.02863 , 0.03332 , 0.07676 , 0.03255 , 0.04616 , 0.04138 , 0.06685 , 0.03463 , 0.06104 , 0.02139 , 0.03895 , 0.05598 , 0.03860 , 0.03272 , 0.07164 , 0.03143 , 0.02815 , 0.03292 , 0.06691 , 0.03040 
 66 , 0.03061 , 0.03061 , 0.03061 , 0.03043 , 0.03061 , 0.03061 , 0.03728 , 0.03058 , 0.03061 , 0.03061 , 0.03061 , 0.03061 , 0.03061 , 0.05585 , 0.03827 , 0.03061 , 0.03061 , 0.03061 , 0.02288 , 0.03061 , 0.03061 , 0.03061 , 0.03061 , 0.03300 , 0.04195 , 0.03061 , 0.04570 , 0.07220 , 0.03061 , 0.03061 , 0.03061 , 0.03323 , 0.02288 , 0.02869 , 0.03334 , 0.07639 , 0.03257 , 0.04615 , 0.04143 , 0.06651 , 0.03463 , 0.06095 , 0.02159 , 0.03888 , 0.05580 , 0.03854 , 0.03275 , 0.07139 , 0.03147 , 0.02824 , 0.03295 , 0.06672 , 0.03046 
 67 , 0.03067 , 0.03067 , 0.03067 , 0.03049 , 0.03067 , 0.03067 , 0.03724 , 0.03063 , 0.03067 , 0.03067 , 0.03067 , 0.03067 , 0.03067 , 0.05569 , 0.03821 , 0.03067 , 0.03067 , 0.03067 , 0.02291 , 0.03067 , 0.03067 , 0.03067 , 0.03067 , 0.03302 , 0.04184 , 0.03067 , 0.04553 , 0.07188 , 0.03067 , 0.03067 , 0.03067 , 0.03325 , 0.02291 , 0.02876 , 0.03335 , 0.07602 , 0.03260 , 0.04613 , 0.04149 , 0.06619 , 0.03463 , 0.06086 , 0.02178 , 0.03882 , 0.05564 , 0.03848 , 0.03277 , 0.07114 , 0.03152 , 0.02834 , 0.03297 , 0.06655 , 0.03052 
 68 , 0.03073 , 0.03073 , 0.03073 , 0.03055 , 0.03073 , 0.03073 , 0.03720 , 0.03069 , 0.03073 , 0.03073 , 0.03073 , 0.03073 , 0.03073 , 0.05553 , 0.03816 , 0.03073 , 0.03073 , 0.03073 , 0.02293 , 0.03073 , 0.03073 , 0.03073 , 0.03073 , 0.03304 , 0.04173 , 0.03073 , 0.04537 , 0.07157 , 0.03073 , 0.03073 , 0.03073 , 0.03327 , 0.02293 , 0.02883 , 0.03337 , 0.07566 , 0.03263 , 0.04612 , 0.04154 , 0.06588 , 0.03463 , 0.06078 , 0.02198 , 0.03876 , 0.05547 , 0.03842 , 0.03280 , 0.07090 , 0.03156 , 0.02843 , 0.03299 , 0.06638 , 0.03057 
 69 , 0.03078 , 0.03078 , 0.03078 , 0.03060 , 0.03078 , 0.03078 , 0.03716 , 0.03074 , 0.03078 , 0.03078 , 0.03078 , 0.03078 , 0.03078 , 0.05538 , 0.03811 , 0.03078 , 0.03078 , 0.03078 , 0.02295 , 0.03078 , 0.03078 , 0.03078 , 0.03078 , 0.03306 , 0.04163 , 0.03078 , 0.04521 , 0.07127 , 0.03078 , 0.03078 , 0.03078 , 0.03328 , 0.02295 , 0.02890 , 0.03338 , 0.07532 , 0.03265 , 0.04610 , 0.04159 , 0.06557 , 0.03462 , 0.06069 , 0.02216 , 0.03870 , 0.05531 , 0.03836 , 0.03282 , 0.07067 , 0.03160 , 0.02851 , 0.03302 , 0.06621 , 0.03063 
 70 , 0.03083 , 0.03083 , 0.03083 , 0.03066 , 0.03083 , 0.03083 , 0.03713 , 0.03080 , 0.03083 , 0.03083 , 0.03083 , 0.03083 , 0.03083 , 0.05523 , 0.03806 , 0.03083 , 0.03083 , 0.03083 , 0.02297 , 0.03083 , 0.03083 , 0.03083 , 0.03083 , 0.03308 , 0.04153 , 0.03083 , 0.04506 , 0.07098 , 0.03083 , 0.03083 , 0.03083 , 0.03330 , 0.02297 , 0.02896 , 0.03340 , 0.07498 , 0.03268 , 0.04609 , 0.04163 , 0.06527 , 0.03462 , 0.06061 , 0.02234 , 0.03864 , 0.05516 , 0.03831 , 0.03284 , 0.07045 , 0.03164 , 0.02860 , 0.03304 , 0.06605 , 0.03068 
 71 , 0.03088 , 0.03088 , 0.03088 , 0.03071 , 0.03088 , 0.03088 , 0.03709 , 0.03085 , 0.03088 , 0.03088 , 0.03088 , 0.03088 , 0.03088 , 0.05509 , 0.03801 , 0.03088 , 0.03088 , 0.03088 , 0.02299 , 0.03088 , 0.03088 , 0.03088 , 0.03088 , 0.03310 , 0.04143 , 0.03088 , 0.04491 , 0.07069 , 0.03088 , 0.03088 , 0.03088 , 0.03332 , 0.02299 , 0.02903 , 0.03341 , 0.07465 , 0.03270 , 0.04607 , 0.04168 , 0.06499 , 0.03462 , 0.06053 , 0.02252 , 0.03858 , 0.05501 , 0.03825 , 0.03287 , 0.07023 , 0.03168 , 0.02868 , 0.03306 , 0.06590 , 0.03073 
 72 , 0.03093 , 0.03093 , 0.03093 , 0.03076 , 0.03093 , 0.03093 , 0.03706 , 0.03090 , 0.03093 , 0.03093 , 0.03093 , 0.03093 , 0.03093 , 0.05495 , 0.03796 , 0.03093 , 0.03093 , 0.03093 , 0.02301 , 0.03093 , 0.03093 , 0.03093 , 0.03093 , 0.03312 , 0.04133 , 0.03093 , 0.04476 , 0.07042 , 0.03093 , 0.03093 , 0.03093 , 0.03334 , 0.02301 , 0.02910 , 0.03342 , 0.07433 , 0.03272 , 0.04606 , 0.04173 , 0.06471 , 0.03462 , 0.06046 , 0.02269 , 0.03852 , 0.05486 , 0.03820 , 0.03289 , 0.07002 , 0.03172 , 0.02876 , 0.03308 , 0.06575 , 0.03078 
 73 , 0.03098 , 0.03098 , 0.03098 , 0.03081 , 0.03098 , 0.03098 , 0.03702 , 0.03095 , 0.03098 , 0.03098 , 0.03098 , 0.03098 , 0.03098 , 0.05481 , 0.03791 , 0.03098 , 0.03098 , 0.03098 , 0.02303 , 0.03098 , 0.03098 , 0.03098 , 0.03098 , 0.03314 , 0.04124 , 0.03098 , 0.04462 , 0.07015 , 0.03098 , 0.03098 , 0.03098 , 0.03335 , 0.02303 , 0.02916 , 0.03344 , 0.07403 , 0.03275 , 0.04604 , 0.04177 , 0.06443 , 0.03462 , 0.06038 , 0.02286 , 0.03847 , 0.05472 , 0.03815 , 0.03291 , 0.06981 , 0.03176 , 0.02884 , 0.03310 , 0.06560 , 0.03083 
 74 , 0.03103 , 0.03103 , 0.03103 , 0.03086 , 0.03103 , 0.03103 , 0.03699 , 0.03100 , 0.03103 , 0.03103 , 0.03103 , 0.03103 , 0.03103 , 0.05468 , 0.03787 , 0.03103 , 0.03103 , 0.03103 , 0.02305 , 0.03103 , 0.03103 , 0.03103 , 0.03103 , 0.03316 , 0.04115 , 0.03103 , 0.04449 , 0.06989 , 0.03103 , 0.03103 , 0.03103 , 0.03337 , 0.02305 , 0.02923 , 0.03345 , 0.07373 , 0.03277 , 0.04603 , 0.04181 , 0.06417 , 0.03462 , 0.06031 , 0.02302 , 0.03841 , 0.05458 , 0.03810 , 0.03293 , 0.06961 , 0.03180 , 0.02891 , 0.03312 , 0.06545 , 0.03088 
 75 , 0.03107 , 0.03107 , 0.03107 , 0.03091 , 0.03107 , 0.03107 , 0.03695 , 0.03104 , 0.03107 , 0.03107 , 0.03107 , 0.03107 , 0.03107 , 0.05455 , 0.03782 , 0.03107 , 0.03107 , 0.03107 , 0.02307 , 0.03107 , 0.03107 , 0.03107 , 0.03107 , 0.03318 , 0.04106 , 0.03107 , 0.04435 , 0.06963 , 0.03107 , 0.03107 , 0.03107 , 0.03338 , 0.02307 , 0.02929 , 0.03346 , 0.07343 , 0.03279 , 0.04602 , 0.04186 , 0.06391 , 0.03462 , 0.06024 , 0.02318 , 0.03836 , 0.05444 , 0.03805 , 0.03295 , 0.06941 , 0.03183 , 0.02899 , 0.03314 , 0.06531 , 0.03093 
 76 , 0.03112 , 0.03112 , 0.03112 , 0.03096 , 0.03112 , 0.03112 , 0.03692 , 0.03109 , 0.03112 , 0.03112 , 0.03112 , 0.03112 , 0.03112 , 0.05442 , 0.03778 , 0.03112 , 0.03112 , 0.03112 , 0.02309 , 0.03112 , 0.03112 , 0.03112 , 0.03112 , 0.03319 , 0.04097 , 0.03112 , 0.04422 , 0.06939 , 0.03112 , 0.03112 , 0.03112 , 0.03340 , 0.02309 , 0.02935 , 0.03348 , 0.07315 , 0.03281 , 0.04600 , 0.04190 , 0.06366 , 0.03461 , 0.06017 , 0.02333 , 0.03831 , 0.05431 , 0.03801 , 0.03297 , 0.06922 , 0.03187 , 0.02906 , 0.03316 , 0.06518 , 0.03098 
 77 , 0.03116 , 0.03116 , 0.03116 , 0.03100 , 0.03116 , 0.03116 , 0.03689 , 0.03113 , 0.03116 , 0.03116 , 0.03116 , 0.03116 , 0.03116 , 0.05430 , 0.03774 , 0.03116 , 0.03116 , 0.03116 , 0.02311 , 0.03116 , 0.03116 , 0.03116 , 0.03116 , 0.03321 , 0.04089 , 0.03116 , 0.04410 , 0.06915 , 0.03116 , 0.03116 , 0.03116 , 0.03341 , 0.02311 , 0.02941 , 0.03349 , 0.07287 , 0.03283 , 0.04599 , 0.04194 , 0.06342 , 0.03461 , 0.06010 , 0.02348 , 0.03826 , 0.05419 , 0.03796 , 0.03299 , 0.06903 , 0.03190 , 0.02913 , 0.03317 , 0.06505 , 0.03102 
 78 , 0.03121 , 0.03121 , 0.03121 , 0.03105 , 0.03121 , 0.03121 , 0.03686 , 0.03117 , 0.03121 , 0.03121 , 0.03121 , 0.03121 , 0.03121 , 0.05418 , 0.03770 , 0.03121 , 0.03121 , 0.03121 , 0.02313 , 0.03121 , 0.03121 , 0.03121 , 0.03121 , 0.03323 , 0.04080 , 0.03121 , 0.04397 , 0.06891 , 0.03121 , 0.03121 , 0.03121 , 0.03342 , 0.02313 , 0.02947 , 0.03350 , 0.07260 , 0.03286 , 0.04598 , 0.04198 , 0.06318 , 0.03461 , 0.06004 , 0.02363 , 0.03821 , 0.05406 , 0.03792 , 0.03301 , 0.06885 , 0.03193 , 0.02920 , 0.03319 , 0.06492 , 0.03106 
 79 , 0.03125 , 0.03125 , 0.03125 , 0.03109 , 0.03125 , 0.03125 , 0.03683 , 0.03122 , 0.03125 , 0.03125 , 0.03125 , 0.03125 , 0.03125 , 0.05406 , 0.03766 , 0.03125 , 0.03125 , 0.03125 , 0.02314 , 0.03125 , 0.03125 , 0.03125 , 0.03125 , 0.03324 , 0.04072 , 0.03125 , 0.04385 , 0.06868 , 0.03125 , 0.03125 , 0.03125 , 0.03344 , 0.02314 , 0.02953 , 0.03351 , 0.07234 , 0.03288 , 0.04597 , 0.04201 , 0.06295 , 0.03461 , 0.05997 , 0.02377 , 0.03817 , 0.05394 , 0.03788 , 0.03303 , 0.06868 , 0.03197 , 0.02927 , 0.03321 , 0.06479 , 0.03111 
 80 , 0.03129 , 0.03129 , 0.03129 , 0.03113 , 0.03129 , 0.03129 , 0.03680 , 0.03126 , 0.03129 , 0.03129 , 0.03129 , 0.03129 , 0.03129 , 0.05395 , 0.03762 , 0.03129 , 0.03129 , 0.03129 , 0.02316 , 0.03129 , 0.03129 , 0.03129 , 0.03129 , 0.03326 , 0.04065 , 0.03129 , 0.04374 , 0.06846 , 0.03129 , 0.03129 , 0.03129 , 0.03345 , 0.02316 , 0.02959 , 0.03353 , 0.07208 , 0.03290 , 0.04596 , 0.04205 , 0.06272 , 0.03461 , 0.05991 , 0.02391 , 0.03812 , 0.05382 , 0.03783 , 0.03305 , 0.06851 , 0.03200 , 0.02933 , 0.03322 , 0.06467 , 0.03115 
 81 , 0.03133 , 0.03133 , 0.03133 , 0.03118 , 0.03133 , 0.03133 , 0.03677 , 0.03130 , 0.03133 , 0.03133 , 0.03133 , 0.03133 , 0.03133 , 0.05384 , 0.03758 , 0.03133 , 0.03133 , 0.03133 , 0.02318 , 0.03133 , 0.03133 , 0.03133 , 0.03133 , 0.03327 , 0.04057 , 0.03133 , 0.04362 , 0.06824 , 0.03133 , 0.03133 , 0.03133 , 0.03346 , 0.02318 , 0.02965 , 0.03354 , 0.07183 , 0.03291 , 0.04595 , 0.04209 , 0.06250 , 0.03461 , 0.05985 , 0.02404 , 0.03808 , 0.05371 , 0.03779 , 0.03306 , 0.06834 , 0.03203 , 0.02939 , 0.03324 , 0.06455 , 0.03119 
 82 , 0.03137 , 0.03137 , 0.03137 , 0.03122 , 0.03137 , 0.03137 , 0.03675 , 0.03134 , 0.03137 , 0.03137 , 0.03137 , 0.03137 , 0.03137 , 0.05373 , 0.03754 , 0.03137 , 0.03137 , 0.03137 , 0.02319 , 0.03137 , 0.03137 , 0.03137 , 0.03137 , 0.03329 , 0.04050 , 0.03137 , 0.04351 , 0.06803 , 0.03137 , 0.03137 , 0.03137 , 0.03348 , 0.02319 , 0.02970 , 0.03355 , 0.07159 , 0.03293 , 0.04593 , 0.04212 , 0.06229 , 0.03461 , 0.05979 , 0.02418 , 0.03803 , 0.05359 , 0.03775 , 0.03308 , 0.06817 , 0.03206 , 0.02946 , 0.03325 , 0.06443 , 0.03123 
 83 , 0.03140 , 0.03140 , 0.03140 , 0.03126 , 0.03140 , 0.03140 , 0.03672 , 0.03137 , 0.03140 , 0.03140 , 0.03140 , 0.03140 , 0.03140 , 0.05363 , 0.03750 , 0.03140 , 0.03140 , 0.03140 , 0.02321 , 0.03140 , 0.03140 , 0.03140 , 0.03140 , 0.03330 , 0.04042 , 0.03140 , 0.04340 , 0.06782 , 0.03140 , 0.03140 , 0.03140 , 0.03349 , 0.02321 , 0.02976 , 0.03356 , 0.07135 , 0.03295 , 0.04592 , 0.04216 , 0.06208 , 0.03461 , 0.05973 , 0.02431 , 0.03799 , 0.05348 , 0.03771 , 0.03310 , 0.06801 , 0.03209 , 0.02952 , 0.03327 , 0.06432 , 0.03127 
 84 , 0.03144 , 0.03144 , 0.03144 , 0.03129 , 0.03144 , 0.03144 , 0.03669 , 0.03141 , 0.03144 , 0.03144 , 0.03144 , 0.03144 , 0.03144 , 0.05352 , 0.03747 , 0.03144 , 0.03144 , 0.03144 , 0.02322 , 0.03144 , 0.03144 , 0.03144 , 0.03144 , 0.03331 , 0.04035 , 0.03144 , 0.04329 , 0.06762 , 0.03144 , 0.03144 , 0.03144 , 0.03350 , 0.02322 , 0.02981 , 0.03357 , 0.07112 , 0.03297 , 0.04591 , 0.04219 , 0.06187 , 0.03460 , 0.05968 , 0.02443 , 0.03795 , 0.05338 , 0.03767 , 0.03311 , 0.06786 , 0.03212 , 0.02958 , 0.03328 , 0.06421 , 0.03131 
 85 , 0.03148 , 0.03148 , 0.03148 , 0.03133 , 0.03148 , 0.03148 , 0.03667 , 0.03145 , 0.03148 , 0.03148 , 0.03148 , 0.03148 , 0.03148 , 0.05342 , 0.03743 , 0.03148 , 0.03148 , 0.03148 , 0.02324 , 0.03148 , 0.03148 , 0.03148 , 0.03148 , 0.03333 , 0.04028 , 0.03148 , 0.04319 , 0.06743 , 0.03148 , 0.03148 , 0.03148 , 0.03351 , 0.02324 , 0.02986 , 0.03358 , 0.07089 , 0.03299 , 0.04590 , 0.04222 , 0.06167 , 0.03460 , 0.05962 , 0.02456 , 0.03791 , 0.05327 , 0.03764 , 0.03313 , 0.06771 , 0.03214 , 0.02963 , 0.03330 , 0.06410 , 0.03135 
 86 , 0.03151 , 0.03151 , 0.03151 , 0.03137 , 0.03151 , 0.03151 , 0.03664 , 0.03148 , 0.03151 , 0.03151 , 0.03151 , 0.03151 , 0.03151 , 0.05332 , 0.03740 , 0.03151 , 0.03151 , 0.03151 , 0.02325 , 0.03151 , 0.03151 , 0.03151 , 0.03151 , 0.03334 , 0.04022 , 0.03151 , 0.04309 , 0.06723 , 0.03151 , 0.03151 , 0.03151 , 0.03352 , 0.02325 , 0.02992 , 0.03359 , 0.07067 , 0.03300 , 0.04589 , 0.04226 , 0.06147 , 0.03460 , 0.05957 , 0.02468 , 0.03787 , 0.05317 , 0.03760 , 0.03315 , 0.06756 , 0.03217 , 0.02969 , 0.03331 , 0.06399 , 0.03138 
 87 , 0.03154 , 0.03154 , 0.03154 , 0.03140 , 0.03154 , 0.03154 , 0.03662 , 0.03152 , 0.03154 , 0.03154 , 0.03154 , 0.03154 , 0.03154 , 0.05323 , 0.03737 , 0.03154 , 0.03154 , 0.03154 , 0.02327 , 0.03154 , 0.03154 , 0.03154 , 0.03154 , 0.03335 , 0.04015 , 0.03154 , 0.04299 , 0.06705 , 0.03154 , 0.03154 , 0.03154 , 0.03354 , 0.02327 , 0.02997 , 0.03360 , 0.07045 , 0.03302 , 0.04588 , 0.04229 , 0.06128 , 0.03460 , 0.05952 , 0.02480 , 0.03783 , 0.05307 , 0.03757 , 0.03316 , 0.06741 , 0.03220 , 0.02975 , 0.03333 , 0.06389 , 0.03142 
 88 , 0.03158 , 0.03158 , 0.03158 , 0.03144 , 0.03158 , 0.03158 , 0.03659 , 0.03155 , 0.03158 , 0.03158 , 0.03158 , 0.03158 , 0.03158 , 0.05313 , 0.03733 , 0.03158 , 0.03158 , 0.03158 , 0.02328 , 0.03158 , 0.03158 , 0.03158 , 0.03158 , 0.03337 , 0.04009 , 0.03158 , 0.04289 , 0.06686 , 0.03158 , 0.03158 , 0.03158 , 0.03355 , 0.02328 , 0.03002 , 0.03361 , 0.07024 , 0.03304 , 0.04587 , 0.04232 , 0.06110 , 0.03460 , 0.05946 , 0.02491 , 0.03779 , 0.05297 , 0.03753 , 0.03318 , 0.06727 , 0.03222 , 0.02980 , 0.03334 , 0.06379 , 0.03145 
 89 , 0.03161 , 0.03161 , 0.03161 , 0.03147 , 0.03161 , 0.03161 , 0.03657 , 0.03158 , 0.03161 , 0.03161 , 0.03161 , 0.03161 , 0.03161 , 0.05304 , 0.03730 , 0.03161 , 0.03161 , 0.03161 , 0.02329 , 0.03161 , 0.03161 , 0.03161 , 0.03161 , 0.03338 , 0.04002 , 0.03161 , 0.04280 , 0.06668 , 0.03161 , 0.03161 , 0.03161 , 0.03356 , 0.02329 , 0.03007 , 0.03362 , 0.07003 , 0.03305 , 0.04586 , 0.04235 , 0.06092 , 0.03460 , 0.05941 , 0.02502 , 0.03775 , 0.05288 , 0.03750 , 0.03319 , 0.06713 , 0.03225 , 0.02985 , 0.03335 , 0.06369 , 0.03149 
 90 , 0.03164 , 0.03164 , 0.03164 , 0.03151 , 0.03164 , 0.03164 , 0.03655 , 0.03162 , 0.03164 , 0.03164 , 0.03164 , 0.03164 , 0.03164 , 0.05295 , 0.03727 , 0.03164 , 0.03164 , 0.03164 , 0.02331 , 0.03164 , 0.03164 , 0.03164 , 0.03164 , 0.03339 , 0.03996 , 0.03164 , 0.04271 , 0.06651 , 0.03164 , 0.03164 , 0.03164 , 0.03357 , 0.02331 , 0.03011 , 0.03363 , 0.06983 , 0.03307 , 0.04585 , 0.04238 , 0.06074 , 0.03460 , 0.05937 , 0.02513 , 0.03772 , 0.05278 , 0.03746 , 0.03320 , 0.06700 , 0.03228 , 0.02990 , 0.03337 , 0.06359 , 0.03152 
 91 , 0.03167 , 0.03167 , 0.03167 , 0.03154 , 0.03167 , 0.03167 , 0.03652 , 0.03165 , 0.03167 , 0.03167 , 0.03167 , 0.03167 , 0.03167 , 0.05286 , 0.03724 , 0.03167 , 0.03167 , 0.03167 , 0.02332 , 0.03167 , 0.03167 , 0.03167 , 0.03167 , 0.03340 , 0.03990 , 0.03167 , 0.04261 , 0.06634 , 0.03167 , 0.03167 , 0.03167 , 0.03358 , 0.02332 , 0.03016 , 0.03364 , 0.06963 , 0.03309 , 0.04584 , 0.04241 , 0.06056 , 0.03460 , 0.05932 , 0.02524 , 0.03768 , 0.05269 , 0.03743 , 0.03322 , 0.06686 , 0.03230 , 0.02995 , 0.03338 , 0.06350 , 0.03155 
 92 , 0.03170 , 0.03170 , 0.03170 , 0.03157 , 0.03170 , 0.03170 , 0.03650 , 0.03168 , 0.03170 , 0.03170 , 0.03170 , 0.03170 , 0.03170 , 0.05278 , 0.03721 , 0.03170 , 0.03170 , 0.03170 , 0.02333 , 0.03170 , 0.03170 , 0.03170 , 0.03170 , 0.03342 , 0.03984 , 0.03170 , 0.04253 , 0.06617 , 0.03170 , 0.03170 , 0.03170 , 0.03359 , 0.02333 , 0.03021 , 0.03365 , 0.06944 , 0.03310 , 0.04584 , 0.04243 , 0.06039 , 0.03460 , 0.05927 , 0.02535 , 0.03765 , 0.05260 , 0.03740 , 0.03323 , 0.06673 , 0.03232 , 0.03000 , 0.03339 , 0.06340 , 0.03158 
 93 , 0.03173 , 0.03173 , 0.03173 , 0.03160 , 0.03173 , 0.03173 , 0.03648 , 0.03171 , 0.03173 , 0.03173 , 0.03173 , 0.03173 , 0.03173 , 0.05269 , 0.03718 , 0.03173 , 0.03173 , 0.03173 , 0.02334 , 0.03173 , 0.03173 , 0.03173 , 0.03173 , 0.03343 , 0.03979 , 0.03173 , 0.04244 , 0.06600 , 0.03173 , 0.03173 , 0.03173 , 0.03360 , 0.02334 , 0.03025 , 0.03366 , 0.06925 , 0.03312 , 0.04583 , 0.04246 , 0.06023 , 0.03459 , 0.05922 , 0.02545 , 0.03761 , 0.05251 , 0.03737 , 0.03325 , 0.06661 , 0.03235 , 0.03005 , 0.03340 , 0.06331 , 0.03161 
 94 , 0.03176 , 0.03176 , 0.03176 , 0.03163 , 0.03176 , 0.03176 , 0.03646 , 0.03174 , 0.03176 , 0.03176 , 0.03176 , 0.03176 , 0.03176 , 0.05261 , 0.03715 , 0.03176 , 0.03176 , 0.03176 , 0.02336 , 0.03176 , 0.03176 , 0.03176 , 0.03176 , 0.03344 , 0.03973 , 0.03176 , 0.04236 , 0.06584 , 0.03176 , 0.03176 , 0.03176 , 0.03361 , 0.02336 , 0.03030 , 0.03367 , 0.06907 , 0.03313 , 0.04582 , 0.04249 , 0.06006 , 0.03459 , 0.05918 , 0.02555 , 0.03758 , 0.05243 , 0.03734 , 0.03326 , 0.06648 , 0.03237 , 0.03010 , 0.03342 , 0.06322 , 0.03165 
 95 , 0.03179 , 0.03179 , 0.03179 , 0.03166 , 0.03179 , 0.03179 , 0.03644 , 0.03177 , 0.03179 , 0.03179 , 0.03179 , 0.03179 , 0.03179 , 0.05253 , 0.03713 , 0.03179 , 0.03179 , 0.03179 , 0.02337 , 0.03179 , 0.03179 , 0.03179 , 0.03179 , 0.03345 , 0.03967 , 0.03179 , 0.04227 , 0.06568 , 0.03179 , 0.03179 , 0.03179 , 0.03362 , 0.02337 , 0.03034 , 0.03368 , 0.06889 , 0.03314 , 0.04581 , 0.04251 , 0.05990 , 0.03459 , 0.05914 , 0.02565 , 0.03755 , 0.05234 , 0.03731 , 0.03327 , 0.06636 , 0.03239 , 0.03014 , 0.03343 , 0.06314 , 0.03168 
 96 , 0.03182 , 0.03182 , 0.03182 , 0.03169 , 0.03182 , 0.03182 , 0.03642 , 0.03180 , 0.03182 , 0.03182 , 0.03182 , 0.03182 , 0.03182 , 0.05245 , 0.03710 , 0.03182 , 0.03182 , 0.03182 , 0.02338 , 0.03182 , 0.03182 , 0.03182 , 0.03182 , 0.03346 , 0.03962 , 0.03182 , 0.04219 , 0.06553 , 0.03182 , 0.03182 , 0.03182 , 0.03363 , 0.02338 , 0.03038 , 0.03369 , 0.06871 , 0.03316 , 0.04580 , 0.04254 , 0.05975 , 0.03459 , 0.05909 , 0.02575 , 0.03752 , 0.05226 , 0.03728 , 0.03329 , 0.06624 , 0.03241 , 0.03019 , 0.03344 , 0.06305 , 0.03170 
 97 , 0.03185 , 0.03185 , 0.03185 , 0.03172 , 0.03185 , 0.03185 , 0.03640 , 0.03182 , 0.03185 , 0.03185 , 0.03185 , 0.03185 , 0.03185 , 0.05238 , 0.03707 , 0.03185 , 0.03185 , 0.03185 , 0.02339 , 0.03185 , 0.03185 , 0.03185 , 0.03185 , 0.03347 , 0.03957 , 0.03185 , 0.04211 , 0.06538 , 0.03185 , 0.03185 , 0.03185 , 0.03364 , 0.02339 , 0.03042 , 0.03369 , 0.06853 , 0.03317 , 0.04579 , 0.04257 , 0.05959 , 0.03459 , 0.05905 , 0.02584 , 0.03749 , 0.05218 , 0.03725 , 0.03330 , 0.06613 , 0.03244 , 0.03023 , 0.03345 , 0.06297 , 0.03173 
 98 , 0.03188 , 0.03188 , 0.03188 , 0.03175 , 0.03188 , 0.03188 , 0.03638 , 0.03185 , 0.03188 , 0.03188 , 0.03188 , 0.03188 , 0.03188 , 0.05230 , 0.03705 , 0.03188 , 0.03188 , 0.03188 , 0.02340 , 0.03188 , 0.03188 , 0.03188 , 0.03188 , 0.03348 , 0.03952 , 0.03188 , 0.04203 , 0.06523 , 0.03188 , 0.03188 , 0.03188 , 0.03364 , 0.02340 , 0.03047 , 0.03370 , 0.06836 , 0.03318 , 0.04579 , 0.04259 , 0.05944 , 0.03459 , 0.05901 , 0.02593 , 0.03746 , 0.05210 , 0.03722 , 0.03331 , 0.06601 , 0.03246 , 0.03028 , 0.03346 , 0.06289 , 0.03176 
 99 , 0.03190 , 0.03190 , 0.03190 , 0.03178 , 0.03190 , 0.03190 , 0.03636 , 0.03188 , 0.03190 , 0.03190 , 0.03190 , 0.03190 , 0.03190 , 0.05223 , 0.03702 , 0.03190 , 0.03190 , 0.03190 , 0.02341 , 0.03190 , 0.03190 , 0.03190 , 0.03190 , 0.03349 , 0.03947 , 0.03190 , 0.04196 , 0.06509 , 0.03190 , 0.03190 , 0.03190 , 0.03365 , 0.02341 , 0.03051 , 0.03371 , 0.06820 , 0.03320 , 0.04578 , 0.04261 , 0.05930 , 0.03459 , 0.05897 , 0.02603 , 0.03743 , 0.05203 , 0.03719 , 0.03332 , 0.06590 , 0.03248 , 0.03032 , 0.03347 , 0.06281 , 0.03179 
 100 , 0.03193 , 0.03193 , 0.03193 , 0.03181 , 0.03193 , 0.03193 , 0.03634 , 0.03190 , 0.03193 , 0.03193 , 0.03193 , 0.03193 , 0.03193 , 0.05215 , 0.03700 , 0.03193 , 0.03193 , 0.03193 , 0.02342 , 0.03193 , 0.03193 , 0.03193 , 0.03193 , 0.03350 , 0.03942 , 0.03193 , 0.04188 , 0.06495 , 0.03193 , 0.03193 , 0.03193 , 0.03366 , 0.02342 , 0.03055 , 0.03372 , 0.06803 , 0.03321 , 0.04577 , 0.04264 , 0.05915 , 0.03459 , 0.05893 , 0.02612 , 0.03740 , 0.05195 , 0.03717 , 0.03333 , 0.06579 , 0.03250 , 0.03036 , 0.03348 , 0.06273 , 0.03182 
 101 , 0.03195 , 0.03195 , 0.03195 , 0.03183 , 0.03195 , 0.03195 , 0.03632 , 0.03193 , 0.03195 , 0.03195 , 0.03195 , 0.03195 , 0.03195 , 0.05208 , 0.03697 , 0.03195 , 0.03195 , 0.03195 , 0.02344 , 0.03195 , 0.03195 , 0.03195 , 0.03195 , 0.03351 , 0.03937 , 0.03195 , 0.04181 , 0.06481 , 0.03195 , 0.03195 , 0.03195 , 0.03367 , 0.02344 , 0.03058 , 0.03373 , 0.06787 , 0.03322 , 0.04576 , 0.04266 , 0.05901 , 0.03459 , 0.05889 , 0.02620 , 0.03737 , 0.05188 , 0.03714 , 0.03335 , 0.06568 , 0.03252 , 0.03040 , 0.03349 , 0.06265 , 0.03184 
 102 , 0.03198 , 0.03198 , 0.03198 , 0.03186 , 0.03198 , 0.03198 , 0.03631 , 0.03195 , 0.03198 , 0.03198 , 0.03198 , 0.03198 , 0.03198 , 0.05201 , 0.03695 , 0.03198 , 0.03198 , 0.03198 , 0.02345 , 0.03198 , 0.03198 , 0.03198 , 0.03198 , 0.03352 , 0.03932 , 0.03198 , 0.04174 , 0.06467 , 0.03198 , 0.03198 , 0.03198 , 0.03368 , 0.02345 , 0.03062 , 0.03373 , 0.06772 , 0.03324 , 0.04575 , 0.04268 , 0.05887 , 0.03459 , 0.05885 , 0.02629 , 0.03734 , 0.05180 , 0.03711 , 0.03336 , 0.06558 , 0.03254 , 0.03044 , 0.03350 , 0.06258 , 0.03187 
 103 , 0.03200 , 0.03200 , 0.03200 , 0.03188 , 0.03200 , 0.03200 , 0.03629 , 0.03198 , 0.03200 , 0.03200 , 0.03200 , 0.03200 , 0.03200 , 0.05195 , 0.03692 , 0.03200 , 0.03200 , 0.03200 , 0.02346 , 0.03200 , 0.03200 , 0.03200 , 0.03200 , 0.03353 , 0.03927 , 0.03200 , 0.04167 , 0.06454 , 0.03200 , 0.03200 , 0.03200 , 0.03369 , 0.02346 , 0.03066 , 0.03374 , 0.06756 , 0.03325 , 0.04575 , 0.04271 , 0.05874 , 0.03459 , 0.05881 , 0.02637 , 0.03731 , 0.05173 , 0.03709 , 0.03337 , 0.06547 , 0.03256 , 0.03048 , 0.03351 , 0.06250 , 0.03189 
 104 , 0.03203 , 0.03203 , 0.03203 , 0.03191 , 0.03203 , 0.03203 , 0.03627 , 0.03200 , 0.03203 , 0.03203 , 0.03203 , 0.03203 , 0.03203 , 0.05188 , 0.03690 , 0.03203 , 0.03203 , 0.03203 , 0.02347 , 0.03203 , 0.03203 , 0.03203 , 0.03203 , 0.03354 , 0.03923 , 0.03203 , 0.04160 , 0.06441 , 0.03203 , 0.03203 , 0.03203 , 0.03369 , 0.02347 , 0.03070 , 0.03375 , 0.06741 , 0.03326 , 0.04574 , 0.04273 , 0.05861 , 0.03459 , 0.05878 , 0.02646 , 0.03728 , 0.05166 , 0.03706 , 0.03338 , 0.06537 , 0.03257 , 0.03052 , 0.03352 , 0.06243 , 0.03192 
 105 , 0.03205 , 0.03205 , 0.03205 , 0.03193 , 0.03205 , 0.03205 , 0.03625 , 0.03203 , 0.03205 , 0.03205 , 0.03205 , 0.03205 , 0.03205 , 0.05181 , 0.03688 , 0.03205 , 0.03205 , 0.03205 , 0.02348 , 0.03205 , 0.03205 , 0.03205 , 0.03205 , 0.03355 , 0.03918 , 0.03205 , 0.04153 , 0.06428 , 0.03205 , 0.03205 , 0.03205 , 0.03370 , 0.02348 , 0.03073 , 0.03376 , 0.06727 , 0.03327 , 0.04573 , 0.04275 , 0.05847 , 0.03458 , 0.05874 , 0.02654 , 0.03726 , 0.05160 , 0.03704 , 0.03339 , 0.06527 , 0.03259 , 0.03056 , 0.03353 , 0.06236 , 0.03194 
 106 , 0.03207 , 0.03207 , 0.03207 , 0.03196 , 0.03207 , 0.03207 , 0.03624 , 0.03205 , 0.03207 , 0.03207 , 0.03207 , 0.03207 , 0.03207 , 0.05175 , 0.03685 , 0.03207 , 0.03207 , 0.03207 , 0.02349 , 0.03207 , 0.03207 , 0.03207 , 0.03207 , 0.03356 , 0.03914 , 0.03207 , 0.04146 , 0.06415 , 0.03207 , 0.03207 , 0.03207 , 0.03371 , 0.02349 , 0.03077 , 0.03376 , 0.06712 , 0.03328 , 0.04573 , 0.04277 , 0.05835 , 0.03458 , 0.05871 , 0.02662 , 0.03723 , 0.05153 , 0.03702 , 0.03340 , 0.06518 , 0.03261 , 0.03060 , 0.03354 , 0.06229 , 0.03197 
 107 , 0.03210 , 0.03210 , 0.03210 , 0.03198 , 0.03210 , 0.03210 , 0.03622 , 0.03207 , 0.03210 , 0.03210 , 0.03210 , 0.03210 , 0.03210 , 0.05168 , 0.03683 , 0.03210 , 0.03210 , 0.03210 , 0.02349 , 0.03210 , 0.03210 , 0.03210 , 0.03210 , 0.03357 , 0.03909 , 0.03210 , 0.04140 , 0.06403 , 0.03210 , 0.03210 , 0.03210 , 0.03372 , 0.02349 , 0.03080 , 0.03377 , 0.06698 , 0.03329 , 0.04572 , 0.04279 , 0.05822 , 0.03458 , 0.05867 , 0.02669 , 0.03721 , 0.05146 , 0.03699 , 0.03341 , 0.06508 , 0.03263 , 0.03063 , 0.03355 , 0.06222 , 0.03199 
 108 , 0.03212 , 0.03212 , 0.03212 , 0.03201 , 0.03212 , 0.03212 , 0.03621 , 0.03210 , 0.03212 , 0.03212 , 0.03212 , 0.03212 , 0.03212 , 0.05162 , 0.03681 , 0.03212 , 0.03212 , 0.03212 , 0.02350 , 0.03212 , 0.03212 , 0.03212 , 0.03212 , 0.03358 , 0.03905 , 0.03212 , 0.04133 , 0.06391 , 0.03212 , 0.03212 , 0.03212 , 0.03372 , 0.02350 , 0.03084 , 0.03378 , 0.06684 , 0.03331 , 0.04571 , 0.04281 , 0.05810 , 0.03458 , 0.05864 , 0.02677 , 0.03718 , 0.05140 , 0.03697 , 0.03342 , 0.06499 , 0.03265 , 0.03067 , 0.03356 , 0.06215 , 0.03201 
 109 , 0.03214 , 0.03214 , 0.03214 , 0.03203 , 0.03214 , 0.03214 , 0.03619 , 0.03212 , 0.03214 , 0.03214 , 0.03214 , 0.03214 , 0.03214 , 0.05156 , 0.03679 , 0.03214 , 0.03214 , 0.03214 , 0.02351 , 0.03214 , 0.03214 , 0.03214 , 0.03214 , 0.03358 , 0.03901 , 0.03214 , 0.04127 , 0.06379 , 0.03214 , 0.03214 , 0.03214 , 0.03373 , 0.02351 , 0.03087 , 0.03378 , 0.06670 , 0.03332 , 0.04571 , 0.04283 , 0.05798 , 0.03458 , 0.05860 , 0.02685 , 0.03716 , 0.05133 , 0.03695 , 0.03343 , 0.06490 , 0.03266 , 0.03070 , 0.03357 , 0.06209 , 0.03204 
 110 , 0.03216 , 0.03216 , 0.03216 , 0.03205 , 0.03216 , 0.03216 , 0.03617 , 0.03214 , 0.03216 , 0.03216 , 0.03216 , 0.03216 , 0.03216 , 0.05150 , 0.03677 , 0.03216 , 0.03216 , 0.03216 , 0.02352 , 0.03216 , 0.03216 , 0.03216 , 0.03216 , 0.03359 , 0.03897 , 0.03216 , 0.04121 , 0.06367 , 0.03216 , 0.03216 , 0.03216 , 0.03374 , 0.02352 , 0.03090 , 0.03379 , 0.06657 , 0.03333 , 0.04570 , 0.04285 , 0.05786 , 0.03458 , 0.05857 , 0.02692 , 0.03713 , 0.05127 , 0.03692 , 0.03344 , 0.06481 , 0.03268 , 0.03074 , 0.03357 , 0.06202 , 0.03206 
 111 , 0.03218 , 0.03218 , 0.03218 , 0.03207 , 0.03218 , 0.03218 , 0.03616 , 0.03216 , 0.03218 , 0.03218 , 0.03218 , 0.03218 , 0.03218 , 0.05144 , 0.03675 , 0.03218 , 0.03218 , 0.03218 , 0.02353 , 0.03218 , 0.03218 , 0.03218 , 0.03218 , 0.03360 , 0.03893 , 0.03218 , 0.04115 , 0.06356 , 0.03218 , 0.03218 , 0.03218 , 0.03374 , 0.02353 , 0.03093 , 0.03380 , 0.06643 , 0.03334 , 0.04569 , 0.04287 , 0.05774 , 0.03458 , 0.05854 , 0.02699 , 0.03711 , 0.05121 , 0.03690 , 0.03345 , 0.06472 , 0.03270 , 0.03077 , 0.03358 , 0.06196 , 0.03208 
 112 , 0.03220 , 0.03220 , 0.03220 , 0.03209 , 0.03220 , 0.03220 , 0.03615 , 0.03218 , 0.03220 , 0.03220 , 0.03220 , 0.03220 , 0.03220 , 0.05139 , 0.03673 , 0.03220 , 0.03220 , 0.03220 , 0.02354 , 0.03220 , 0.03220 , 0.03220 , 0.03220 , 0.03361 , 0.03889 , 0.03220 , 0.04109 , 0.06344 , 0.03220 , 0.03220 , 0.03220 , 0.03375 , 0.02354 , 0.03097 , 0.03380 , 0.06631 , 0.03335 , 0.04569 , 0.04289 , 0.05763 , 0.03458 , 0.05851 , 0.02706 , 0.03709 , 0.05115 , 0.03688 , 0.03346 , 0.06463 , 0.03271 , 0.03080 , 0.03359 , 0.06190 , 0.03210 
 113 , 0.03222 , 0.03222 , 0.03222 , 0.03212 , 0.03222 , 0.03222 , 0.03613 , 0.03220 , 0.03222 , 0.03222 , 0.03222 , 0.03222 , 0.03222 , 0.05133 , 0.03671 , 0.03222 , 0.03222 , 0.03222 , 0.02355 , 0.03222 , 0.03222 , 0.03222 , 0.03222 , 0.03362 , 0.03885 , 0.03222 , 0.04103 , 0.06333 , 0.03222 , 0.03222 , 0.03222 , 0.03376 , 0.02355 , 0.03100 , 0.03381 , 0.06618 , 0.03336 , 0.04568 , 0.04291 , 0.05752 , 0.03458 , 0.05848 , 0.02713 , 0.03706 , 0.05109 , 0.03686 , 0.03347 , 0.06454 , 0.03273 , 0.03084 , 0.03360 , 0.06184 , 0.03212 
 114 , 0.03224 , 0.03224 , 0.03224 , 0.03214 , 0.03224 , 0.03224 , 0.03612 , 0.03222 , 0.03224 , 0.03224 , 0.03224 , 0.03224 , 0.03224 , 0.05127 , 0.03669 , 0.03224 , 0.03224 , 0.03224 , 0.02356 , 0.03224 , 0.03224 , 0.03224 , 0.03224 , 0.03362 , 0.03881 , 0.03224 , 0.04097 , 0.06322 , 0.03224 , 0.03224 , 0.03224 , 0.03376 , 0.02356 , 0.03103 , 0.03381 , 0.06605 , 0.03337 , 0.04568 , 0.04293 , 0.05740 , 0.03458 , 0.05845 , 0.02720 , 0.03704 , 0.05103 , 0.03684 , 0.03348 , 0.06446 , 0.03274 , 0.03087 , 0.03361 , 0.06178 , 0.03215 
 115 , 0.03226 , 0.03226 , 0.03226 , 0.03216 , 0.03226 , 0.03226 , 0.03610 , 0.03224 , 0.03226 , 0.03226 , 0.03226 , 0.03226 , 0.03226 , 0.05122 , 0.03667 , 0.03226 , 0.03226 , 0.03226 , 0.02356 , 0.03226 , 0.03226 , 0.03226 , 0.03226 , 0.03363 , 0.03877 , 0.03226 , 0.04092 , 0.06312 , 0.03226 , 0.03226 , 0.03226 , 0.03377 , 0.02356 , 0.03106 , 0.03382 , 0.06593 , 0.03338 , 0.04567 , 0.04295 , 0.05730 , 0.03458 , 0.05842 , 0.02727 , 0.03702 , 0.05098 , 0.03682 , 0.03349 , 0.06438 , 0.03276 , 0.03090 , 0.03361 , 0.06172 , 0.03217 
 116 , 0.03228 , 0.03228 , 0.03228 , 0.03218 , 0.03228 , 0.03228 , 0.03609 , 0.03226 , 0.03228 , 0.03228 , 0.03228 , 0.03228 , 0.03228 , 0.05116 , 0.03665 , 0.03228 , 0.03228 , 0.03228 , 0.02357 , 0.03228 , 0.03228 , 0.03228 , 0.03228 , 0.03364 , 0.03874 , 0.03228 , 0.04086 , 0.06301 , 0.03228 , 0.03228 , 0.03228 , 0.03378 , 0.02357 , 0.03109 , 0.03383 , 0.06581 , 0.03339 , 0.04566 , 0.04296 , 0.05719 , 0.03458 , 0.05839 , 0.02734 , 0.03700 , 0.05092 , 0.03680 , 0.03349 , 0.06430 , 0.03277 , 0.03093 , 0.03362 , 0.06166 , 0.03219 
 117 , 0.03230 , 0.03230 , 0.03230 , 0.03220 , 0.03230 , 0.03230 , 0.03607 , 0.03228 , 0.03230 , 0.03230 , 0.03230 , 0.03230 , 0.03230 , 0.05111 , 0.03663 , 0.03230 , 0.03230 , 0.03230 , 0.02358 , 0.03230 , 0.03230 , 0.03230 , 0.03230 , 0.03365 , 0.03870 , 0.03230 , 0.04081 , 0.06291 , 0.03230 , 0.03230 , 0.03230 , 0.03378 , 0.02358 , 0.03112 , 0.03383 , 0.06569 , 0.03340 , 0.04566 , 0.04298 , 0.05708 , 0.03458 , 0.05836 , 0.02740 , 0.03697 , 0.05087 , 0.03678 , 0.03350 , 0.06422 , 0.03279 , 0.03096 , 0.03363 , 0.06160 , 0.03221 
 118 , 0.03232 , 0.03232 , 0.03232 , 0.03222 , 0.03232 , 0.03232 , 0.03606 , 0.03230 , 0.03232 , 0.03232 , 0.03232 , 0.03232 , 0.03232 , 0.05106 , 0.03662 , 0.03232 , 0.03232 , 0.03232 , 0.02359 , 0.03232 , 0.03232 , 0.03232 , 0.03232 , 0.03365 , 0.03866 , 0.03232 , 0.04075 , 0.06281 , 0.03232 , 0.03232 , 0.03232 , 0.03379 , 0.02359 , 0.03114 , 0.03384 , 0.06557 , 0.03341 , 0.04565 , 0.04300 , 0.05698 , 0.03458 , 0.05833 , 0.02747 , 0.03695 , 0.05081 , 0.03676 , 0.03351 , 0.06414 , 0.03280 , 0.03099 , 0.03364 , 0.06155 , 0.03222 
 119 , 0.03234 , 0.03234 , 0.03234 , 0.03224 , 0.03234 , 0.03234 , 0.03605 , 0.03232 , 0.03234 , 0.03234 , 0.03234 , 0.03234 , 0.03234 , 0.05101 , 0.03660 , 0.03234 , 0.03234 , 0.03234 , 0.02360 , 0.03234 , 0.03234 , 0.03234 , 0.03234 , 0.03366 , 0.03863 , 0.03234 , 0.04070 , 0.06271 , 0.03234 , 0.03234 , 0.03234 , 0.03380 , 0.02360 , 0.03117 , 0.03384 , 0.06546 , 0.03342 , 0.04565 , 0.04301 , 0.05688 , 0.03457 , 0.05830 , 0.02753 , 0.03693 , 0.05076 , 0.03674 , 0.03352 , 0.06406 , 0.03282 , 0.03102 , 0.03364 , 0.06149 , 0.03224 
 120 , 0.03236 , 0.03236 , 0.03236 , 0.03225 , 0.03236 , 0.03236 , 0.03604 , 0.03234 , 0.03236 , 0.03236 , 0.03236 , 0.03236 , 0.03236 , 0.05096 , 0.03658 , 0.03236 , 0.03236 , 0.03236 , 0.02360 , 0.03236 , 0.03236 , 0.03236 , 0.03236 , 0.03367 , 0.03859 , 0.03236 , 0.04065 , 0.06261 , 0.03236 , 0.03236 , 0.03236 , 0.03380 , 0.02360 , 0.03120 , 0.03385 , 0.06535 , 0.03342 , 0.04564 , 0.04303 , 0.05678 , 0.03457 , 0.05827 , 0.02759 , 0.03691 , 0.05071 , 0.03672 , 0.03353 , 0.06398 , 0.03283 , 0.03105 , 0.03365 , 0.06144 , 0.03226 
 121 , 0.03237 , 0.03237 , 0.03237 , 0.03227 , 0.03237 , 0.03237 , 0.03602 , 0.03235 , 0.03237 , 0.03237 , 0.03237 , 0.03237 , 0.03237 , 0.05091 , 0.03656 , 0.03237 , 0.03237 , 0.03237 , 0.02361 , 0.03237 , 0.03237 , 0.03237 , 0.03237 , 0.03368 , 0.03856 , 0.03237 , 0.04060 , 0.06251 , 0.03237 , 0.03237 , 0.03237 , 0.03381 , 0.02361 , 0.03123 , 0.03385 , 0.06523 , 0.03343 , 0.04564 , 0.04305 , 0.05668 , 0.03457 , 0.05825 , 0.02765 , 0.03689 , 0.05065 , 0.03670 , 0.03354 , 0.06391 , 0.03284 , 0.03108 , 0.03366 , 0.06138 , 0.03228 
 122 , 0.03239 , 0.03239 , 0.03239 , 0.03229 , 0.03239 , 0.03239 , 0.03601 , 0.03237 , 0.03239 , 0.03239 , 0.03239 , 0.03239 , 0.03239 , 0.05086 , 0.03655 , 0.03239 , 0.03239 , 0.03239 , 0.02362 , 0.03239 , 0.03239 , 0.03239 , 0.03239 , 0.03368 , 0.03853 , 0.03239 , 0.04055 , 0.06242 , 0.03239 , 0.03239 , 0.03239 , 0.03381 , 0.02362 , 0.03125 , 0.03386 , 0.06513 , 0.03344 , 0.04563 , 0.04306 , 0.05659 , 0.03457 , 0.05822 , 0.02771 , 0.03687 , 0.05060 , 0.03669 , 0.03354 , 0.06384 , 0.03286 , 0.03111 , 0.03367 , 0.06133 , 0.03230 
 123 , 0.03241 , 0.03241 , 0.03241 , 0.03231 , 0.03241 , 0.03241 , 0.03600 , 0.03239 , 0.03241 , 0.03241 , 0.03241 , 0.03241 , 0.03241 , 0.05081 , 0.03653 , 0.03241 , 0.03241 , 0.03241 , 0.02362 , 0.03241 , 0.03241 , 0.03241 , 0.03241 , 0.03369 , 0.03849 , 0.03241 , 0.04050 , 0.06232 , 0.03241 , 0.03241 , 0.03241 , 0.03382 , 0.02362 , 0.03128 , 0.03386 , 0.06502 , 0.03345 , 0.04563 , 0.04308 , 0.05649 , 0.03457 , 0.05819 , 0.02777 , 0.03685 , 0.05055 , 0.03667 , 0.03355 , 0.06376 , 0.03287 , 0.03113 , 0.03367 , 0.06128 , 0.03232 
 124 , 0.03243 , 0.03243 , 0.03243 , 0.03233 , 0.03243 , 0.03243 , 0.03599 , 0.03241 , 0.03243 , 0.03243 , 0.03243 , 0.03243 , 0.03243 , 0.05077 , 0.03651 , 0.03243 , 0.03243 , 0.03243 , 0.02363 , 0.03243 , 0.03243 , 0.03243 , 0.03243 , 0.03370 , 0.03846 , 0.03243 , 0.04045 , 0.06223 , 0.03243 , 0.03243 , 0.03243 , 0.03382 , 0.02363 , 0.03131 , 0.03387 , 0.06491 , 0.03346 , 0.04562 , 0.04309 , 0.05640 , 0.03457 , 0.05817 , 0.02783 , 0.03683 , 0.05050 , 0.03665 , 0.03356 , 0.06369 , 0.03288 , 0.03116 , 0.03368 , 0.06123 , 0.03233 
 125 , 0.03244 , 0.03244 , 0.03244 , 0.03234 , 0.03244 , 0.03244 , 0.03597 , 0.03242 , 0.03244 , 0.03244 , 0.03244 , 0.03244 , 0.03244 , 0.05072 , 0.03650 , 0.03244 , 0.03244 , 0.03244 , 0.02364 , 0.03244 , 0.03244 , 0.03244 , 0.03244 , 0.03370 , 0.03843 , 0.03244 , 0.04040 , 0.06214 , 0.03244 , 0.03244 , 0.03244 , 0.03383 , 0.02364 , 0.03133 , 0.03387 , 0.06481 , 0.03347 , 0.04562 , 0.04311 , 0.05631 , 0.03457 , 0.05814 , 0.02789 , 0.03682 , 0.05046 , 0.03663 , 0.03357 , 0.06362 , 0.03290 , 0.03119 , 0.03369 , 0.06118 , 0.03235 
 126 , 0.03246 , 0.03246 , 0.03246 , 0.03236 , 0.03246 , 0.03246 , 0.03596 , 0.03244 , 0.03246 , 0.03246 , 0.03246 , 0.03246 , 0.03246 , 0.05067 , 0.03648 , 0.03246 , 0.03246 , 0.03246 , 0.02365 , 0.03246 , 0.03246 , 0.03246 , 0.03246 , 0.03371 , 0.03840 , 0.03246 , 0.04035 , 0.06205 , 0.03246 , 0.03246 , 0.03246 , 0.03383 , 0.02365 , 0.03136 , 0.03388 , 0.06471 , 0.03348 , 0.04561 , 0.04313 , 0.05622 , 0.03457 , 0.05812 , 0.02794 , 0.03680 , 0.05041 , 0.03662 , 0.03357 , 0.06356 , 0.03291 , 0.03121 , 0.03369 , 0.06113 , 0.03237 
 127 , 0.03247 , 0.03247 , 0.03247 , 0.03238 , 0.03247 , 0.03247 , 0.03595 , 0.03246 , 0.03247 , 0.03247 , 0.03247 , 0.03247 , 0.03247 , 0.05063 , 0.03647 , 0.03247 , 0.03247 , 0.03247 , 0.02365 , 0.03247 , 0.03247 , 0.03247 , 0.03247 , 0.03371 , 0.03837 , 0.03247 , 0.04031 , 0.06197 , 0.03247 , 0.03247 , 0.03247 , 0.03384 , 0.02365 , 0.03138 , 0.03388 , 0.06461 , 0.03348 , 0.04561 , 0.04314 , 0.05613 , 0.03457 , 0.05809 , 0.02800 , 0.03678 , 0.05036 , 0.03660 , 0.03358 , 0.06349 , 0.03292 , 0.03124 , 0.03370 , 0.06108 , 0.03239 
 128 , 0.03249 , 0.03249 , 0.03249 , 0.03239 , 0.03249 , 0.03249 , 0.03594 , 0.03247 , 0.03249 , 0.03249 , 0.03249 , 0.03249 , 0.03249 , 0.05059 , 0.03645 , 0.03249 , 0.03249 , 0.03249 , 0.02366 , 0.03249 , 0.03249 , 0.03249 , 0.03249 , 0.03372 , 0.03834 , 0.03249 , 0.04026 , 0.06188 , 0.03249 , 0.03249 , 0.03249 , 0.03384 , 0.02366 , 0.03141 , 0.03389 , 0.06451 , 0.03349 , 0.04560 , 0.04315 , 0.05604 , 0.03457 , 0.05807 , 0.02805 , 0.03676 , 0.05032 , 0.03658 , 0.03359 , 0.06342 , 0.03293 , 0.03127 , 0.03370 , 0.06103 , 0.03240 
 129 , 0.03251 , 0.03251 , 0.03251 , 0.03241 , 0.03251 , 0.03251 , 0.03593 , 0.03249 , 0.03251 , 0.03251 , 0.03251 , 0.03251 , 0.03251 , 0.05054 , 0.03643 , 0.03251 , 0.03251 , 0.03251 , 0.02367 , 0.03251 , 0.03251 , 0.03251 , 0.03251 , 0.03373 , 0.03831 , 0.03251 , 0.04022 , 0.06179 , 0.03251 , 0.03251 , 0.03251 , 0.03385 , 0.02367 , 0.03143 , 0.03389 , 0.06441 , 0.03350 , 0.04560 , 0.04317 , 0.05595 , 0.03457 , 0.05804 , 0.02811 , 0.03674 , 0.05027 , 0.03657 , 0.03360 , 0.06336 , 0.03295 , 0.03129 , 0.03371 , 0.06099 , 0.03242 
 130 , 0.03252 , 0.03252 , 0.03252 , 0.03243 , 0.03252 , 0.03252 , 0.03592 , 0.03250 , 0.03252 , 0.03252 , 0.03252 , 0.03252 , 0.03252 , 0.05050 , 0.03642 , 0.03252 , 0.03252 , 0.03252 , 0.02367 , 0.03252 , 0.03252 , 0.03252 , 0.03252 , 0.03373 , 0.03828 , 0.03252 , 0.04017 , 0.06171 , 0.03252 , 0.03252 , 0.03252 , 0.03385 , 0.02367 , 0.03145 , 0.03390 , 0.06431 , 0.03351 , 0.04559 , 0.04318 , 0.05587 , 0.03457 , 0.05802 , 0.02816 , 0.03673 , 0.05023 , 0.03655 , 0.03360 , 0.06329 , 0.03296 , 0.03131 , 0.03372 , 0.06094 , 0.03243 
 131 , 0.03254 , 0.03254 , 0.03254 , 0.03244 , 0.03254 , 0.03254 , 0.03591 , 0.03252 , 0.03254 , 0.03254 , 0.03254 , 0.03254 , 0.03254 , 0.05046 , 0.03641 , 0.03254 , 0.03254 , 0.03254 , 0.02368 , 0.03254 , 0.03254 , 0.03254 , 0.03254 , 0.03374 , 0.03825 , 0.03254 , 0.04013 , 0.06163 , 0.03254 , 0.03254 , 0.03254 , 0.03386 , 0.02368 , 0.03148 , 0.03390 , 0.06422 , 0.03351 , 0.04559 , 0.04320 , 0.05579 , 0.03457 , 0.05800 , 0.02821 , 0.03671 , 0.05018 , 0.03654 , 0.03361 , 0.06323 , 0.03297 , 0.03134 , 0.03372 , 0.06089 , 0.03245 
 132 , 0.03255 , 0.03255 , 0.03255 , 0.03246 , 0.03255 , 0.03255 , 0.03590 , 0.03253 , 0.03255 , 0.03255 , 0.03255 , 0.03255 , 0.03255 , 0.05042 , 0.03639 , 0.03255 , 0.03255 , 0.03255 , 0.02368 , 0.03255 , 0.03255 , 0.03255 , 0.03255 , 0.03374 , 0.03822 , 0.03255 , 0.04009 , 0.06155 , 0.03255 , 0.03255 , 0.03255 , 0.03386 , 0.02368 , 0.03150 , 0.03391 , 0.06413 , 0.03352 , 0.04558 , 0.04321 , 0.05570 , 0.03457 , 0.05797 , 0.02826 , 0.03669 , 0.05014 , 0.03652 , 0.03362 , 0.06316 , 0.03298 , 0.03136 , 0.03373 , 0.06085 , 0.03247 
 133 , 0.03257 , 0.03257 , 0.03257 , 0.03247 , 0.03257 , 0.03257 , 0.03589 , 0.03255 , 0.03257 , 0.03257 , 0.03257 , 0.03257 , 0.03257 , 0.05037 , 0.03638 , 0.03257 , 0.03257 , 0.03257 , 0.02369 , 0.03257 , 0.03257 , 0.03257 , 0.03257 , 0.03375 , 0.03819 , 0.03257 , 0.04005 , 0.06147 , 0.03257 , 0.03257 , 0.03257 , 0.03387 , 0.02369 , 0.03152 , 0.03391 , 0.06403 , 0.03353 , 0.04558 , 0.04322 , 0.05562 , 0.03457 , 0.05795 , 0.02831 , 0.03668 , 0.05010 , 0.03650 , 0.03362 , 0.06310 , 0.03299 , 0.03139 , 0.03373 , 0.06081 , 0.03248 
 134 , 0.03258 , 0.03258 , 0.03258 , 0.03249 , 0.03258 , 0.03258 , 0.03587 , 0.03256 , 0.03258 , 0.03258 , 0.03258 , 0.03258 , 0.03258 , 0.05033 , 0.03636 , 0.03258 , 0.03258 , 0.03258 , 0.02370 , 0.03258 , 0.03258 , 0.03258 , 0.03258 , 0.03376 , 0.03817 , 0.03258 , 0.04000 , 0.06139 , 0.03258 , 0.03258 , 0.03258 , 0.03387 , 0.02370 , 0.03154 , 0.03392 , 0.06394 , 0.03354 , 0.04558 , 0.04324 , 0.05554 , 0.03457 , 0.05793 , 0.02836 , 0.03666 , 0.05006 , 0.03649 , 0.03363 , 0.06304 , 0.03301 , 0.03141 , 0.03374 , 0.06076 , 0.03250 
 135 , 0.03259 , 0.03259 , 0.03259 , 0.03250 , 0.03259 , 0.03259 , 0.03586 , 0.03258 , 0.03259 , 0.03259 , 0.03259 , 0.03259 , 0.03259 , 0.05029 , 0.03635 , 0.03259 , 0.03259 , 0.03259 , 0.02370 , 0.03259 , 0.03259 , 0.03259 , 0.03259 , 0.03376 , 0.03814 , 0.03259 , 0.03996 , 0.06131 , 0.03259 , 0.03259 , 0.03259 , 0.03388 , 0.02370 , 0.03157 , 0.03392 , 0.06385 , 0.03354 , 0.04557 , 0.04325 , 0.05547 , 0.03457 , 0.05791 , 0.02841 , 0.03664 , 0.05001 , 0.03647 , 0.03364 , 0.06298 , 0.03302 , 0.03143 , 0.03375 , 0.06072 , 0.03251 
 136 , 0.03261 , 0.03261 , 0.03261 , 0.03252 , 0.03261 , 0.03261 , 0.03585 , 0.03259 , 0.03261 , 0.03261 , 0.03261 , 0.03261 , 0.03261 , 0.05026 , 0.03634 , 0.03261 , 0.03261 , 0.03261 , 0.02371 , 0.03261 , 0.03261 , 0.03261 , 0.03261 , 0.03377 , 0.03811 , 0.03261 , 0.03992 , 0.06124 , 0.03261 , 0.03261 , 0.03261 , 0.03388 , 0.02371 , 0.03159 , 0.03392 , 0.06377 , 0.03355 , 0.04557 , 0.04326 , 0.05539 , 0.03457 , 0.05789 , 0.02846 , 0.03663 , 0.04997 , 0.03646 , 0.03364 , 0.06292 , 0.03303 , 0.03146 , 0.03375 , 0.06068 , 0.03253 
 137 , 0.03262 , 0.03262 , 0.03262 , 0.03253 , 0.03262 , 0.03262 , 0.03584 , 0.03260 , 0.03262 , 0.03262 , 0.03262 , 0.03262 , 0.03262 , 0.05022 , 0.03632 , 0.03262 , 0.03262 , 0.03262 , 0.02371 , 0.03262 , 0.03262 , 0.03262 , 0.03262 , 0.03377 , 0.03809 , 0.03262 , 0.03988 , 0.06116 , 0.03262 , 0.03262 , 0.03262 , 0.03389 , 0.02371 , 0.03161 , 0.03393 , 0.06368 , 0.03356 , 0.04556 , 0.04328 , 0.05531 , 0.03457 , 0.05787 , 0.02851 , 0.03661 , 0.04993 , 0.03645 , 0.03365 , 0.06287 , 0.03304 , 0.03148 , 0.03376 , 0.06064 , 0.03254 
 138 , 0.03264 , 0.03264 , 0.03264 , 0.03255 , 0.03264 , 0.03264 , 0.03583 , 0.03262 , 0.03264 , 0.03264 , 0.03264 , 0.03264 , 0.03264 , 0.05018 , 0.03631 , 0.03264 , 0.03264 , 0.03264 , 0.02372 , 0.03264 , 0.03264 , 0.03264 , 0.03264 , 0.03378 , 0.03806 , 0.03264 , 0.03984 , 0.06109 , 0.03264 , 0.03264 , 0.03264 , 0.03389 , 0.02372 , 0.03163 , 0.03393 , 0.06360 , 0.03356 , 0.04556 , 0.04329 , 0.05524 , 0.03456 , 0.05785 , 0.02855 , 0.03660 , 0.04989 , 0.03643 , 0.03365 , 0.06281 , 0.03305 , 0.03150 , 0.03376 , 0.06059 , 0.03255 
 139 , 0.03265 , 0.03265 , 0.03265 , 0.03256 , 0.03265 , 0.03265 , 0.03583 , 0.03263 , 0.03265 , 0.03265 , 0.03265 , 0.03265 , 0.03265 , 0.05014 , 0.03630 , 0.03265 , 0.03265 , 0.03265 , 0.02373 , 0.03265 , 0.03265 , 0.03265 , 0.03265 , 0.03378 , 0.03803 , 0.03265 , 0.03981 , 0.06101 , 0.03265 , 0.03265 , 0.03265 , 0.03390 , 0.02373 , 0.03165 , 0.03394 , 0.06351 , 0.03357 , 0.04556 , 0.04330 , 0.05516 , 0.03456 , 0.05782 , 0.02860 , 0.03658 , 0.04986 , 0.03642 , 0.03366 , 0.06275 , 0.03306 , 0.03152 , 0.03377 , 0.06055 , 0.03257 
 140 , 0.03266 , 0.03266 , 0.03266 , 0.03258 , 0.03266 , 0.03266 , 0.03582 , 0.03264 , 0.03266 , 0.03266 , 0.03266 , 0.03266 , 0.03266 , 0.05011 , 0.03628 , 0.03266 , 0.03266 , 0.03266 , 0.02373 , 0.03266 , 0.03266 , 0.03266 , 0.03266 , 0.03379 , 0.03801 , 0.03266 , 0.03977 , 0.06094 , 0.03266 , 0.03266 , 0.03266 , 0.03390 , 0.02373 , 0.03167 , 0.03394 , 0.06343 , 0.03358 , 0.04555 , 0.04331 , 0.05509 , 0.03456 , 0.05780 , 0.02865 , 0.03657 , 0.04982 , 0.03640 , 0.03367 , 0.06270 , 0.03307 , 0.03154 , 0.03377 , 0.06051 , 0.03258 
 141 , 0.03268 , 0.03268 , 0.03268 , 0.03259 , 0.03268 , 0.03268 , 0.03581 , 0.03266 , 0.03268 , 0.03268 , 0.03268 , 0.03268 , 0.03268 , 0.05007 , 0.03627 , 0.03268 , 0.03268 , 0.03268 , 0.02374 , 0.03268 , 0.03268 , 0.03268 , 0.03268 , 0.03379 , 0.03798 , 0.03268 , 0.03973 , 0.06087 , 0.03268 , 0.03268 , 0.03268 , 0.03391 , 0.02374 , 0.03169 , 0.03395 , 0.06335 , 0.03358 , 0.04555 , 0.04332 , 0.05502 , 0.03456 , 0.05778 , 0.02869 , 0.03655 , 0.04978 , 0.03639 , 0.03367 , 0.06264 , 0.03308 , 0.03156 , 0.03378 , 0.06047 , 0.03260 
 142 , 0.03269 , 0.03269 , 0.03269 , 0.03260 , 0.03269 , 0.03269 , 0.03580 , 0.03267 , 0.03269 , 0.03269 , 0.03269 , 0.03269 , 0.03269 , 0.05003 , 0.03626 , 0.03269 , 0.03269 , 0.03269 , 0.02374 , 0.03269 , 0.03269 , 0.03269 , 0.03269 , 0.03380 , 0.03796 , 0.03269 , 0.03969 , 0.06080 , 0.03269 , 0.03269 , 0.03269 , 0.03391 , 0.02374 , 0.03171 , 0.03395 , 0.06327 , 0.03359 , 0.04554 , 0.04334 , 0.05495 , 0.03456 , 0.05776 , 0.02874 , 0.03654 , 0.04974 , 0.03638 , 0.03368 , 0.06259 , 0.03309 , 0.03158 , 0.03378 , 0.06044 , 0.03261 
 143 , 0.03270 , 0.03270 , 0.03270 , 0.03262 , 0.03270 , 0.03270 , 0.03579 , 0.03268 , 0.03270 , 0.03270 , 0.03270 , 0.03270 , 0.03270 , 0.05000 , 0.03625 , 0.03270 , 0.03270 , 0.03270 , 0.02375 , 0.03270 , 0.03270 , 0.03270 , 0.03270 , 0.03380 , 0.03794 , 0.03270 , 0.03966 , 0.06073 , 0.03270 , 0.03270 , 0.03270 , 0.03391 , 0.02375 , 0.03173 , 0.03395 , 0.06319 , 0.03360 , 0.04554 , 0.04335 , 0.05488 , 0.03456 , 0.05775 , 0.02878 , 0.03652 , 0.04970 , 0.03636 , 0.03368 , 0.06253 , 0.03310 , 0.03160 , 0.03379 , 0.06040 , 0.03262 
 144 , 0.03271 , 0.03271 , 0.03271 , 0.03263 , 0.03271 , 0.03271 , 0.03578 , 0.03270 , 0.03271 , 0.03271 , 0.03271 , 0.03271 , 0.03271 , 0.04996 , 0.03623 , 0.03271 , 0.03271 , 0.03271 , 0.02375 , 0.03271 , 0.03271 , 0.03271 , 0.03271 , 0.03381 , 0.03791 , 0.03271 , 0.03962 , 0.06067 , 0.03271 , 0.03271 , 0.03271 , 0.03392 , 0.02375 , 0.03175 , 0.03396 , 0.06311 , 0.03360 , 0.04554 , 0.04336 , 0.05481 , 0.03456 , 0.05773 , 0.02882 , 0.03651 , 0.04967 , 0.03635 , 0.03369 , 0.06248 , 0.03311 , 0.03162 , 0.03379 , 0.06036 , 0.03264 
 145 , 0.03273 , 0.03273 , 0.03273 , 0.03264 , 0.03273 , 0.03273 , 0.03577 , 0.03271 , 0.03273 , 0.03273 , 0.03273 , 0.03273 , 0.03273 , 0.04993 , 0.03622 , 0.03273 , 0.03273 , 0.03273 , 0.02376 , 0.03273 , 0.03273 , 0.03273 , 0.03273 , 0.03381 , 0.03789 , 0.03273 , 0.03959 , 0.06060 , 0.03273 , 0.03273 , 0.03273 , 0.03392 , 0.02376 , 0.03177 , 0.03396 , 0.06303 , 0.03361 , 0.04553 , 0.04337 , 0.05474 , 0.03456 , 0.05771 , 0.02886 , 0.03650 , 0.04963 , 0.03634 , 0.03370 , 0.06243 , 0.03312 , 0.03164 , 0.03380 , 0.06032 , 0.03265 
 146 , 0.03274 , 0.03274 , 0.03274 , 0.03265 , 0.03274 , 0.03274 , 0.03576 , 0.03272 , 0.03274 , 0.03274 , 0.03274 , 0.03274 , 0.03274 , 0.04989 , 0.03621 , 0.03274 , 0.03274 , 0.03274 , 0.02376 , 0.03274 , 0.03274 , 0.03274 , 0.03274 , 0.03382 , 0.03786 , 0.03274 , 0.03955 , 0.06053 , 0.03274 , 0.03274 , 0.03274 , 0.03393 , 0.02376 , 0.03179 , 0.03396 , 0.06296 , 0.03362 , 0.04553 , 0.04338 , 0.05467 , 0.03456 , 0.05769 , 0.02891 , 0.03648 , 0.04960 , 0.03633 , 0.03370 , 0.06238 , 0.03313 , 0.03166 , 0.03380 , 0.06029 , 0.03266 
 147 , 0.03275 , 0.03275 , 0.03275 , 0.03267 , 0.03275 , 0.03275 , 0.03575 , 0.03273 , 0.03275 , 0.03275 , 0.03275 , 0.03275 , 0.03275 , 0.04986 , 0.03620 , 0.03275 , 0.03275 , 0.03275 , 0.02377 , 0.03275 , 0.03275 , 0.03275 , 0.03275 , 0.03382 , 0.03784 , 0.03275 , 0.03952 , 0.06047 , 0.03275 , 0.03275 , 0.03275 , 0.03393 , 0.02377 , 0.03181 , 0.03397 , 0.06288 , 0.03362 , 0.04553 , 0.04339 , 0.05461 , 0.03456 , 0.05767 , 0.02895 , 0.03647 , 0.04956 , 0.03631 , 0.03371 , 0.06233 , 0.03314 , 0.03168 , 0.03381 , 0.06025 , 0.03267 
 148 , 0.03276 , 0.03276 , 0.03276 , 0.03268 , 0.03276 , 0.03276 , 0.03574 , 0.03275 , 0.03276 , 0.03276 , 0.03276 , 0.03276 , 0.03276 , 0.04983 , 0.03619 , 0.03276 , 0.03276 , 0.03276 , 0.02377 , 0.03276 , 0.03276 , 0.03276 , 0.03276 , 0.03383 , 0.03782 , 0.03276 , 0.03948 , 0.06040 , 0.03276 , 0.03276 , 0.03276 , 0.03393 , 0.02377 , 0.03182 , 0.03397 , 0.06281 , 0.03363 , 0.04552 , 0.04340 , 0.05454 , 0.03456 , 0.05765 , 0.02899 , 0.03646 , 0.04953 , 0.03630 , 0.03371 , 0.06228 , 0.03315 , 0.03170 , 0.03381 , 0.06022 , 0.03269 
 149 , 0.03277 , 0.03277 , 0.03277 , 0.03269 , 0.03277 , 0.03277 , 0.03574 , 0.03276 , 0.03277 , 0.03277 , 0.03277 , 0.03277 , 0.03277 , 0.04980 , 0.03618 , 0.03277 , 0.03277 , 0.03277 , 0.02378 , 0.03277 , 0.03277 , 0.03277 , 0.03277 , 0.03383 , 0.03780 , 0.03277 , 0.03945 , 0.06034 , 0.03277 , 0.03277 , 0.03277 , 0.03394 , 0.02378 , 0.03184 , 0.03397 , 0.06273 , 0.03363 , 0.04552 , 0.04341 , 0.05448 , 0.03456 , 0.05763 , 0.02903 , 0.03644 , 0.04949 , 0.03629 , 0.03372 , 0.06223 , 0.03316 , 0.03172 , 0.03382 , 0.06018 , 0.03270 
 150 , 0.03278 , 0.03278 , 0.03278 , 0.03270 , 0.03278 , 0.03278 , 0.03573 , 0.03277 , 0.03278 , 0.03278 , 0.03278 , 0.03278 , 0.03278 , 0.04976 , 0.03616 , 0.03278 , 0.03278 , 0.03278 , 0.02378 , 0.03278 , 0.03278 , 0.03278 , 0.03278 , 0.03383 , 0.03777 , 0.03278 , 0.03942 , 0.06028 , 0.03278 , 0.03278 , 0.03278 , 0.03394 , 0.02378 , 0.03186 , 0.03398 , 0.06266 , 0.03364 , 0.04551 , 0.04342 , 0.05441 , 0.03456 , 0.05762 , 0.02907 , 0.03643 , 0.04946 , 0.03628 , 0.03372 , 0.06218 , 0.03316 , 0.03174 , 0.03382 , 0.06015 , 0.03271 
