Liability_Date,Liability_Size
1/9/2023,6
2/10/2023,92
2/11/2023,93
3/12/2023,2
3/1/2024,7
3/2/2024,6
5/3/2024,7
5/4/2024,6
6/5/2024,11
6/6/2024,7
7/7/2024,4
7/8/2024,7
7/9/2024,12
8/10/2024,9
8/11/2024,0
9/12/2024,7
9/1/2025,2
9/2/2025,2
12/3/2025,4
12/4/2025,2
13/5/2025,55
13/6/2025,90
14/7/2025,52
14/8/2025,71
14/9/2025,19
15/10/2025,48
15/11/2025,81
16/12/2025,27
16/1/2026,100
16/2/2026,92
19/3/2026,42
19/4/2026,53
20/5/2026,58
20/6/2026,76
21/7/2026,15
21/8/2026,52
21/9/2026,42
22/10/2026,41
22/11/2026,30
23/12/2026,15
23/1/2027,68
23/2/2027,4
26/3/2027,78
26/4/2027,13
27/5/2027,66
27/6/2027,51
28/7/2027,56
28/8/2027,79
28/9/2027,16
29/10/2027,76
29/11/2027,80
30/12/2027,81
30/1/2028,49
1/3/2028,88
1/4/2028,83
2/5/2028,98
2/6/2028,87
3/7/2028,52
3/8/2028,95
3/9/2028,88
4/10/2028,92
4/11/2028,61
5/12/2028,73
5/1/2029,5
5/2/2029,32
8/3/2029,70
8/4/2029,14
9/5/2029,41
9/6/2029,46
10/7/2029,14
10/8/2029,83
10/9/2029,40
11/10/2029,51
11/11/2029,83
12/12/2029,83
12/1/2030,94
12/2/2030,16
15/3/2030,54
15/4/2030,21
16/5/2030,52
16/6/2030,40
17/7/2030,72
17/8/2030,86
17/9/2030,48
18/10/2030,47
18/11/2030,30
19/12/2030,79
19/1/2031,22
19/2/2031,27
22/3/2031,39
22/4/2031,7
23/5/2031,83
23/6/2031,24
24/7/2031,86
24/8/2031,70
24/9/2031,48
25/10/2031,18
25/11/2031,75
26/12/2031,52
26/1/2032,53
26/2/2032,7
28/3/2032,7
28/4/2032,84
29/5/2032,35
29/6/2032,92
30/7/2032,66
30/8/2032,74
30/9/2032,42
31/10/2032,92
1/12/2032,84
1/1/2033,1
1/2/2033,6
4/3/2033,90
4/4/2033,55
5/5/2033,8
5/6/2033,54
6/7/2033,29
6/8/2033,79
6/9/2033,75
7/10/2033,34
7/11/2033,4
8/12/2033,58
8/1/2034,58
8/2/2034,25
11/3/2034,29
11/4/2034,65
12/5/2034,33
12/6/2034,30
13/7/2034,43
13/8/2034,18
13/9/2034,35
14/10/2034,51
14/11/2034,88
15/12/2034,39
15/1/2035,75
15/2/2035,90
18/3/2035,46
18/4/2035,82
19/5/2035,13
19/6/2035,8
20/7/2035,60
20/8/2035,89
20/9/2035,36
21/10/2035,23
21/11/2035,1
22/12/2035,5
22/1/2036,21
22/2/2036,59
24/3/2036,16
24/4/2036,90
25/5/2036,34
25/6/2036,37
26/7/2036,51
26/8/2036,25
26/9/2036,20
27/10/2036,77
27/11/2036,57
28/12/2036,23
28/1/2037,24
28/2/2037,92
31/3/2037,94
1/5/2037,31
1/6/2037,20
2/7/2037,24
2/8/2037,3
2/9/2037,25
3/10/2037,43
3/11/2037,77
4/12/2037,100
4/1/2038,11
4/2/2038,13
7/3/2038,46
7/4/2038,8
8/5/2038,57
8/6/2038,29
9/7/2038,98
9/8/2038,42
9/9/2038,73
10/10/2038,34
10/11/2038,61
11/12/2038,94
11/1/2039,43
11/2/2039,22
14/3/2039,73
14/4/2039,12
15/5/2039,83
15/6/2039,8
16/7/2039,96
16/8/2039,56
16/9/2039,15
17/10/2039,71
17/11/2039,90
18/12/2039,23
18/1/2040,31
18/2/2040,92
20/3/2040,87
20/4/2040,71
21/5/2040,78
21/6/2040,15
22/7/2040,25
22/8/2040,89
22/9/2040,49
23/10/2040,56
23/11/2040,54
24/12/2040,9
24/1/2041,20
24/2/2041,26
27/3/2041,5
27/4/2041,8
28/5/2041,77
28/6/2041,42
29/7/2041,26
29/8/2041,63
29/9/2041,90
30/10/2041,55
30/11/2041,65
31/12/2041,68
31/1/2042,8
3/3/2042,98
3/4/2042,21
4/5/2042,5
4/6/2042,76
5/7/2042,63
5/8/2042,21
5/9/2042,33
6/10/2042,49
6/11/2042,47
7/12/2042,32
7/1/2043,5
7/2/2043,91
10/3/2043,94
10/4/2043,7
11/5/2043,81
11/6/2043,68
12/7/2043,45
12/8/2043,85
12/9/2043,64
13/10/2043,68
13/11/2043,57
14/12/2043,95
14/1/2044,61
14/2/2044,13
16/3/2044,50
16/4/2044,90
17/5/2044,98
17/6/2044,38
18/7/2044,31
18/8/2044,70
18/9/2044,48
19/10/2044,0
19/11/2044,21
20/12/2044,3
20/1/2045,14
20/2/2045,70
23/3/2045,70
23/4/2045,81
24/5/2045,95
24/6/2045,53
25/7/2045,32
25/8/2045,74
25/9/2045,24
26/10/2045,68
26/11/2045,63
27/12/2045,34
27/1/2046,24
27/2/2046,79
30/3/2046,77
30/4/2046,51
31/5/2046,74
1/7/2046,16
1/8/2046,1
1/9/2046,76
2/10/2046,65
2/11/2046,82
3/12/2046,47
3/1/2047,99
3/2/2047,42
6/3/2047,21
6/4/2047,11
7/5/2047,82
7/6/2047,100
8/7/2047,77
8/8/2047,69
8/9/2047,84
9/10/2047,60
9/11/2047,51
10/12/2047,20
10/1/2048,48
10/2/2048,48
12/3/2048,80
12/4/2048,55
13/5/2048,42
13/6/2048,0
14/7/2048,87
14/8/2048,15
14/9/2048,2
15/10/2048,74
15/11/2048,96
16/12/2048,51
16/1/2049,40
16/2/2049,28
19/3/2049,14
19/4/2049,28
20/5/2049,53
20/6/2049,92
21/7/2049,41
