Country,Euro_Maturities,Euro_Values,Austria_Maturities,Austria_Values,Belgium_Maturities,Belgium_Values,Bulgaria_Maturities,Bulgaria_Values,Croatia_Maturities,Croatia_Values,Cyprus_Maturities,Cyprus_Values,Czech Republic_Maturities,Czech Republic_Values,Denmark_Maturities,Denmark_Values,Estonia_Maturities,Estonia_Values,Finland_Maturities,Finland_Values,France_Maturities,France_Values,Germany_Maturities,Germany_Values,Greece_Maturities,Greece_Values,Hungary_Maturities,Hungary_Values,Iceland_Maturities,Iceland_Values,Ireland_Maturities,Ireland_Values,Italy_Maturities,Italy_Values,Latvia_Maturities,Latvia_Values,Liechtenstein_Maturities,Liechtenstein_Values,Lithuania_Maturities,Lithuania_Values,Luxembourg_Maturities,Luxembourg_Values,Malta_Maturities,Malta_Values,Netherlands_Maturities,Netherlands_Values,Norway_Maturities,Norway_Values,Poland_Maturities,Poland_Values,Portugal_Maturities,Portugal_Values,Romania_Maturities,Romania_Values,Russia_Maturities,Russia_Values,Slovakia_Maturities,Slovakia_Values,Slovenia_Maturities,Slovenia_Values,Spain_Maturities,Spain_Values,Sweden_Maturities,Sweden_Values,Switzerland_Maturities,Switzerland_Values,United Kingdom_Maturities,United Kingdom_Values,Australia_Maturities,Australia_Values,Brazil_Maturities,Brazil_Values,Canada_Maturities,Canada_Values,Chile_Maturities,Chile_Values,China_Maturities,China_Values,Colombia_Maturities,Colombia_Values,Hong Kong_Maturities,Hong Kong_Values,India_Maturities,India_Values,Japan_Maturities,Japan_Values,Malaysia_Maturities,Malaysia_Values,Mexico_Maturities,Mexico_Values,New Zealand_Maturities,New Zealand_Values,Singapore_Maturities,Singapore_Values,South Africa_Maturities,South Africa_Values,South Korea_Maturities,South Korea_Values,Taiwan_Maturities,Taiwan_Values,Thailand_Maturities,Thailand_Values,Turkey_Maturities,Turkey_Values,United States_Maturities,United States_Values
Coupon_freq,1,1,1,1,1,1,1,1,1,1,1,1,1,1,1,1,1,1,1,1,1,1,1,1,1,1,0,0,0,0,1,1,1,1,1,1,1,1,1,1,1,1,1,1,1,1,1,1,0,0,1,1,0,0,0,0,1,1,1,1,1,1,1,1,1,1,1,1,2,2,0,0,2,2,0,0,4,4,0,0,4,4,0,0,1,1,0,0,13,13,2,2,2,2,4,4,4,4,0,0,0,0,0,0,1,1
LLP,20,20,20,20,20,20,20,20,20,20,20,20,15,15,20,20,20,20,20,20,20,20,20,20,20,20,15,15,9,9,20,20,20,20,20,20,10,10,20,20,20,20,20,20,20,20,10,10,10,10,20,20,10,10,14,14,20,20,20,20,20,20,10,10,10,10,50,50,30,30,10,10,30,30,10,10,10,10,10,10,15,15,10,10,30,30,20,20,10,10,20,20,10,10,15,15,20,20,10,10,15,15,9,9,30,30
Convergence,40,40,40,40,40,40,40,40,40,40,40,40,45,45,40,40,40,40,40,40,40,40,40,40,40,40,45,45,51,51,40,40,40,40,40,40,50,50,40,40,40,40,40,40,40,40,50,50,50,50,40,40,50,50,46,46,40,40,40,40,40,40,10,10,50,50,40,40,40,40,50,50,40,40,50,50,50,50,50,50,45,45,50,50,40,40,40,40,50,50,40,40,50,50,45,45,40,40,50,50,45,45,51,51,40,40
UFR,3.45,3.45,3.45,3.45,3.45,3.45,3.45,3.45,3.45,3.45,3.45,3.45,3.45,3.45,3.45,3.45,3.45,3.45,3.45,3.45,3.45,3.45,3.45,3.45,3.45,3.45,4.5,4.5,3.45,3.45,3.45,3.45,3.45,3.45,3.45,3.45,2.45,2.45,3.45,3.45,3.45,3.45,3.45,3.45,3.45,3.45,3.45,3.45,3.45,3.45,3.45,3.45,3.45,3.45,5.1,5.1,3.45,3.45,3.45,3.45,3.45,3.45,3.45,3.45,2.45,2.45,3.45,3.45,3.45,3.45,5.2,5.2,3.45,3.45,4.5,4.5,4.5,4.5,4.5,4.5,3.45,3.45,5.5,5.5,3.5,3.5,3.45,3.45,4.45,4.45,3.45,3.45,3.45,3.45,5.5,5.5,3.45,3.45,3.45,3.45,3.45,3.45,5.5,5.5,3.45,3.45
alpha,0.117567,0.117567,0.117567,0.117567,0.117567,0.117567,0.118244,0.118244,0.117567,0.117567,0.117567,0.117567,0.092503,0.092503,0.117704,0.117704,0.117567,0.117567,0.117567,0.117567,0.117567,0.117567,0.117567,0.117567,0.117567,0.117567,0.12548,0.12548,0.062927,0.062927,0.117567,0.117567,0.117567,0.117567,0.117567,0.117567,0.072805,0.072805,0.117567,0.117567,0.117567,0.117567,0.117567,0.117567,0.117567,0.117567,0.072916,0.072916,0.114587,0.114587,0.117567,0.117567,0.124813,0.124813,0.152102,0.152102,0.117567,0.117567,0.117567,0.117567,0.117567,0.117567,0.397593,0.397593,0.072805,0.072805,0.105145,0.105145,0.107044,0.107044,0.14961,0.14961,0.076262,0.076262,0.05,0.05,0.086273,0.086273,0.145017,0.145017,0.05,0.05,0.109017,0.109017,0.128469,0.128469,0.121867,0.121867,0.123741,0.123741,0.114647,0.114647,0.075956,0.075956,0.144142,0.144142,0.10619,0.10619,0.102052,0.102052,0.05,0.05,0.120605,0.120605,0.11177,0.11177
CRA,10,10,10,10,10,10,15,15,10,10,10,10,10,10,11,11,10,10,10,10,10,10,10,10,10,10,10,10,10,10,10,10,10,10,10,10,0,0,10,10,10,10,10,10,10,10,10,10,10,10,10,10,10,10,10,10,10,10,10,10,10,10,10,10,0,0,0,0,14,14,10,10,26,26,10,10,10,10,10,10,10,10,10,10,0,0,10,10,10,10,10,10,0,0,10,10,10,10,10,10,10,10,10,10,0,0
1,1,-1.792554734,1,-1.792554734,1,-1.792554734,1,-1.760790438,1,-1.792554734,1,-1.792554734,1,-61.82019202,1,-1.786033401,1,-1.792554734,1,-1.792554734,1,-1.792554734,1,-1.792554734,1,-1.792554734,1,-38.93213979,1,-31.87990102,1,-1.792554734,1,-1.792554734,1,-1.792554734,1,-0.010934754,1,-1.792554734,1,-1.792554734,1,-1.792554734,1,-1.792554734,1,-0.192974544,1,-3.404986586,1,-1.792554734,1,6.144064102,1,-3.376887664,1,-1.792554734,1,-1.792554734,1,-1.792554734,1,-0.002240436,1,-0.010934754,1,-9.037081932,0.5,-0.043188994,1,-20.05448748,0.5,-0.308507077,1,-327.8850754,0.25,0.02653595,1,4.556630557,0.25,-0.860067624,1,-1.338114806,1,1.570892965,1,11.98972188,0.076923077,-0.213484728,0.5,-0.155959424,0.5,-0.247934579,0.25,-0.060916118,0.25,-0.048790227,1,-1.028202816,1,-44.74413412,1,-34.83335057,1,-23.81483416
2,2,-1.996018737,2,-1.996018737,2,-1.996018737,2,-1.96541931,2,-1.996018737,2,-1.996018737,2,25.90110174,2,-1.989774601,2,-1.996018737,2,-1.996018737,2,-1.996018737,2,-1.996018737,2,-1.996018737,2,13.43482746,2,11.79043285,2,-1.996018737,2,-1.996018737,2,-1.996018737,2,-1.358444325,2,-1.996018737,2,-1.996018737,2,-1.996018737,2,-1.996018737,2,-9.468735245,2,3.463882092,2,-1.996018737,2,-1.804858332,2,1.959941087,2,-1.996018737,2,-1.996018737,2,-1.996018737,2,-0.186096297,2,-1.358444325,2,2.247343723,1,-3.22027778,2,14.93907925,1,-0.303319187,2,161.8269074,0.5,0.026245543,2,-3.755856687,0.5,-0.852805467,2,2.435425602,2,-1.828148244,2,-7.761507314,0.153846154,-0.212770942,1,-6.747789588,1,-29.4332158,0.5,-0.060106177,0.5,-0.048378257,2,0.333858069,2,29.75388169,2,21.37737937,2,9.19355452
3,3,0.519821817,3,0.519821817,3,0.519821817,3,0.509437348,3,0.519821817,3,0.519821817,3,0.090182042,3,0.517706308,3,0.519821817,3,0.519821817,3,0.519821817,3,0.519821817,3,0.519821817,3,-3.94062655,3,-6.438808004,3,0.519821817,3,0.519821817,3,0.519821817,3,0.014906133,3,0.519821817,3,0.519821817,3,0.519821817,3,0.519821817,3,0.133275795,3,-2.966352235,3,0.519821817,3,-1.83860078,3,-0.022251694,3,0.519821817,3,0.519821817,3,0.519821817,3,0.11171839,3,0.014906133,3,1.102362724,1.5,0.014818172,3,-2.949743706,1.5,-0.298218537,3,-36.163112,0.75,0.025958315,3,1.214575043,0.75,-0.845604629,3,-2.354850644,3,0.497403517,3,1.936495096,0.230769231,-0.212059543,1.5,0.019370344,1.5,0.242470338,0.75,-0.059307005,0.75,-0.047969765,3,0.010663223,3,-14.66958366,3,-5.927232944,3,0.61021589
4,4,0.677358546,4,0.677358546,4,0.677358546,4,0.665686564,4,0.677358546,4,0.677358546,4,0.087174521,4,0.674974925,4,0.677358546,4,0.677358546,4,0.677358546,4,0.677358546,4,0.677358546,4,3.184840529,4,-7.408104345,4,0.677358546,4,0.677358546,4,0.677358546,4,0.014549667,4,0.677358546,4,0.677358546,4,0.677358546,4,0.677358546,4,0.128831122,4,1.685141554,4,0.677358546,4,0.584243964,4,0.110033142,4,0.677358546,4,0.677358546,4,0.677358546,4,0.00052859,4,0.014549667,4,-0.905821835,2,4.428439602,4,0.927340001,2,-33.10769563,4,18.36878423,1,4.595992599,4,0.241609372,1,-169.7851377,4,1.134573725,4,0.004278532,4,0.05186682,0.307692308,-0.211350522,2,-2.889553179,2,19.79792431,1,-6.353247213,1,-10.06712299,4,0.042413299,4,10.29283853,4,2.657763342,4,1.367942537
5,5,0.695391341,5,0.695391341,5,0.695391341,5,0.684720218,5,0.695391341,5,0.695391341,5,1.768893913,5,0.693210842,5,0.695391341,5,0.695391341,5,0.695391341,5,0.695391341,5,0.695391341,5,0.210444559,5,0,5,0.695391341,5,0.695391341,5,0.695391341,5,0.693225039,5,0.695391341,5,0.695391341,5,0.695391341,5,0.695391341,5,4.309681981,5,-0.351442004,5,0.695391341,5,0.137445734,5,-0.150320771,5,0.695391341,5,0.695391341,5,0.695391341,5,-0.014170896,5,0.693225039,5,0.157616499,2.5,-0.062270766,5,-1.338735651,2.5,0.34794693,5,0,1.25,0.000192574,5,-1.513730564,1.25,0.839628524,5,0.209182451,5,0.242350738,5,0.207848874,0.384615385,-0.210643872,2.5,0.089072641,2.5,-0.069459647,1.25,0.066635559,1.25,0.039146831,5,-0.300343172,5,1.156235697,5,-1.347041027,5,-0.588286543
6,6,-0.689019199,6,-0.689019199,6,-0.689019199,6,-0.67865217,6,-0.689019199,6,-0.689019199,6,0.003535926,6,-0.686899156,6,-0.689019199,6,-0.689019199,6,-0.689019199,6,-0.689019199,6,-0.689019199,6,0.89454316,6,0,6,-0.689019199,6,-0.689019199,6,-0.689019199,6,0.001335465,6,-0.689019199,6,-0.689019199,6,-0.689019199,6,-0.689019199,6,-0.005961793,6,0.029447914,6,-0.689019199,6,-0.143029972,6,-0.390990768,6,-0.689019199,6,-0.689019199,6,-0.689019199,6,0.000909753,6,0.001335465,6,-0.635940691,3,-14.67609843,6,0.45357367,3,14.68418451,6,1.837350129,1.5,0.000190466,6,1.30814168,1.5,0.832538948,6,-0.180676609,6,0.567230957,6,-0.251543609,0.461538462,-0.209939585,3,3.925859024,3,-6.689311992,1.5,0.065749572,1.5,0.038816286,6,0.752297463,6,2.812891754,6,0.744590671,6,0.007033096
7,7,0.624096613,7,0.624096613,7,0.624096613,7,0.614834535,7,0.624096613,7,0.624096613,7,0.003418005,7,0.622203332,7,0.624096613,7,0.624096613,7,0.624096613,7,0.624096613,7,0.624096613,7,0.418238261,7,0,7,0.624096613,7,0.624096613,7,0.624096613,7,0.001303528,7,0.624096613,7,0.624096613,7,0.624096613,7,0.624096613,7,-0.005762971,7,-0.168144686,7,0.624096613,7,-0.137319239,7,0.963509559,7,0.624096613,7,0.624096613,7,0.624096613,7,0.000879414,7,0.001303528,7,0.863300724,3.5,0.186739075,7,0.309602247,3.5,0.085910923,7,0,1.75,0.000188382,7,0,1.75,0.825509236,7,-0.353579674,7,-0.555618037,7,-0.402402605,0.538461538,-0.209237652,3.5,-0.001014652,3.5,0.032617648,1.75,0.064875366,1.75,0.038488533,7,-0.944020284,7,-2.560376292,7,0,7,0.060663362
8,8,-1.532522127,8,-1.532522127,8,-1.532522127,8,-1.511011887,8,-1.532522127,8,-1.532522127,8,0.003304017,8,-1.528120473,8,-1.532522127,8,-1.532522127,8,-1.532522127,8,-1.532522127,8,-1.532522127,8,1.538487106,8,0,8,-1.532522127,8,-1.532522127,8,-1.532522127,8,0.001272356,8,-1.532522127,8,-1.532522127,8,-1.532522127,8,-1.532522127,8,-0.005570779,8,0.251821543,8,-1.532522127,8,0.210202672,8,-0.782602272,8,-1.532522127,8,-1.532522127,8,-1.532522127,8,0.000850086,8,0.001272356,8,0.010382215,4,17.41772974,8,-1.266657557,4,-1.631039585,8,8.688228784,2,2.686602539,8,-1.121221581,2,103.748119,8,0.818970107,8,-0.761679611,8,0.585730404,0.615384615,-0.208538066,4,-1.660674529,4,0.032069146,2,2.704052911,2,3.613187556,8,1.254712632,8,7.480503734,8,0.193500471,8,0.004886883
9,9,6.464370562,9,6.464370562,9,6.464370562,9,6.373379858,9,6.464370562,9,6.464370562,9,0.003193829,9,6.445755082,9,6.464370562,9,6.464370562,9,6.464370562,9,6.464370562,9,6.464370562,9,-0.491273546,9,5.982617926,9,6.464370562,9,6.464370562,9,6.464370562,9,0.001241928,9,6.464370562,9,6.464370562,9,6.464370562,9,6.464370562,9,-0.005384996,9,1.377538505,9,6.464370562,9,1.02541973,9,0.042381979,9,6.464370562,9,6.464370562,9,6.464370562,9,0.000821736,9,0.001241928,9,0.777397622,4.5,-0.10269593,9,1.664461344,4.5,0.110652211,9,0,2.25,-0.015558541,9,1.910081625,2.25,-0.127328974,9,0.429950461,9,2.252567816,9,-0.786535014,0.692307692,-0.20784082,4.5,0.035146521,4.5,0.031529868,2.25,0.012495621,2.25,0.008928724,9,-3.568361384,9,-9.16140189,9,-0.482911972,9,0.678859511
10,10,-15.35124026,10,-15.35124026,10,-15.35124026,10,-15.13303117,10,-15.35124026,10,-15.35124026,10,0.452348454,10,-15.30660291,10,-15.35124026,10,-15.35124026,10,-15.35124026,10,-15.35124026,10,-15.35124026,10,0.600948042,,,10,-15.35124026,10,-15.35124026,10,-15.35124026,10,0.064267041,10,-15.35124026,10,-15.35124026,10,-15.35124026,10,-15.35124026,10,-0.177398919,10,-1.631377136,10,-15.35124026,10,-1.321085196,10,0,10,-15.35124026,10,-15.35124026,10,-15.35124026,10,0.029470554,10,0.064267041,10,-0.346874391,5,-5.688176713,10,-1.29371542,5,9.080875636,10,-4.270894855,2.5,-0.01538827,10,-1.525585376,2.5,-0.126253845,10,-1.176195791,10,-2.08622827,10,0.593840151,0.769230769,-0.207145904,5,2.63959562,5,2.061125209,2.5,0.012329479,2.5,0.008853333,10,3.066454755,10,4.088759921,,,10,-0.476508145
11,11,18.71688676,11,18.71688676,11,18.71688676,11,18.44150379,11,18.71688676,11,18.71688676,11,-0.015928473,11,18.66058912,11,18.71688676,11,18.71688676,11,18.71688676,11,18.71688676,11,18.71688676,11,-0.431745807,,,11,18.71688676,11,18.71688676,11,18.71688676,,,11,18.71688676,11,18.71688676,11,18.71688676,11,18.71688676,,,,,11,18.71688676,,,11,0,11,18.71688676,11,18.71688676,11,18.71688676,,,,,11,-0.004568958,5.5,-0.006176926,,,5.5,-0.030295984,,,2.75,-0.015219862,,,2.75,-0.125187795,,,11,0.008846533,11,0,0.846153846,-0.206453312,5.5,-0.021258596,5.5,0.00108746,2.75,0.012165546,2.75,0.008778578,,,11,0,,,11,-0.00151123
12,12,-8.651557093,12,-8.651557093,12,-8.651557093,12,-8.509066278,12,-8.651557093,12,-8.651557093,12,-0.015397267,12,-8.622478706,12,-8.651557093,12,-8.651557093,12,-8.651557093,12,-8.651557093,12,-8.651557093,12,-0.992970923,,,12,-8.651557093,12,-8.651557093,12,-8.651557093,,,12,-8.651557093,12,-8.651557093,12,-8.651557093,12,-8.651557093,,,,,12,-8.651557093,,,12,0.568256463,12,-8.651557093,12,-8.651557093,12,-8.651557093,,,,,12,0.008542198,6,-0.317907827,,,6,-0.029786524,,,3,-2.539581235,,,3,21.47969356,,,12,0.727261517,12,-0.275268476,0.923076923,-0.205763036,6,-0.53293359,6,0.001069173,3,0.837831524,3,3.052147694,,,12,0,,,12,-0.001460832
13,13,0.003831713,13,0.003831713,13,0.003831713,13,0.003581775,13,0.003831713,13,0.003831713,13,-0.014883777,13,0.003780737,13,0.003831713,13,0.003831713,13,0.003831713,13,0.003831713,13,0.003831713,13,1.736208977,,,13,0.003831713,13,0.003831713,13,0.003831713,,,13,0.003831713,13,0.003831713,13,0.003831713,13,0.003831713,,,,,13,0.003831713,,,13,0,13,0.003831713,13,0.003831713,13,0.003831713,,,,,13,-0.004699209,6.5,-0.000661847,,,6.5,-0.02928563,,,3.25,0.00077949,,,3.25,-0.313733154,,,13,0.003553707,13,0,1,-38.0867289,6.5,-0.009831777,6.5,0.001051193,3.25,-0.00394348,3.25,-0.015133788,,,13,0,,,13,-0.001412114
14,14,0.003703927,14,0.003703927,14,0.003703927,14,0.003462325,14,0.003703927,14,0.003703927,14,-0.014387411,14,0.003654651,14,0.003703927,14,0.003703927,14,0.003703927,14,0.003703927,14,0.003703927,14,-2.998482229,,,14,0.003703927,14,0.003703927,14,0.003703927,,,14,0.003703927,14,0.003703927,14,0.003703927,14,0.003703927,,,,,14,0.003703927,,,14,-0.737010729,14,0.003703927,14,0.003703927,14,0.003703927,,,,,14,-0.004542493,7,0.935521474,,,7,-0.678782919,,,3.5,0.000770959,,,3.5,-0.311084084,,,14,0.003433533,14,0,1.076923077,0.121755686,7,-0.717029915,7,0.001033516,3.5,-0.003891048,3.5,-0.015006003,,,14,0,,,14,-0.001365021
15,15,-0.59079384,15,-0.59079384,15,-0.59079384,15,-0.608314826,15,-0.59079384,15,-0.59079384,15,-0.338472343,15,-0.59428205,15,-0.59079384,15,-0.59079384,15,-0.59079384,15,-0.59079384,15,-0.59079384,15,1.335577049,,,15,-0.59079384,15,-0.59079384,15,-0.59079384,,,15,-0.59079384,15,-0.59079384,15,-0.59079384,15,-0.59079384,,,,,15,-0.59079384,,,,,15,-0.59079384,15,-0.59079384,15,-0.59079384,,,,,15,-0.209708655,7.5,-0.016901002,,,7.5,-0.018635208,,,3.75,0.000762522,,,3.75,-0.308457382,,,15,-0.016797475,15,0.282823876,1.153846154,0.121348597,7.5,0.005198308,7.5,0.001016137,3.75,-0.003839312,3.75,-0.014879296,,,15,-2.19150793,,,15,0.201034474
16,16,0.019939156,16,0.019939156,16,0.019939156,16,0.019897037,16,0.019939156,16,0.019939156,,,16,0.019930709,16,0.019939156,16,0.019939156,16,0.019939156,16,0.019939156,16,0.019939156,,,,,16,0.019939156,16,0.019939156,16,0.019939156,,,16,0.019939156,16,0.019939156,16,0.019939156,16,0.019939156,,,,,16,0.019939156,,,,,16,0.019939156,16,0.019939156,16,0.019939156,,,,,16,0.002511368,8,-0.053595412,,,8,-0.018321836,,,4,0.317788245,,,4,-107.6493406,,,16,0.003361213,16,0,1.230769231,0.120942868,8,0.005110893,8,0.000999049,4,-1.280603031,4,-4.273036581,,,,,,,16,-0.007499663
17,17,0.019274196,17,0.019274196,17,0.019274196,17,0.019233481,17,0.019274196,17,0.019274196,,,17,0.019266031,17,0.019274196,17,0.019274196,17,0.019274196,17,0.019274196,17,0.019274196,,,,,17,0.019274196,17,0.019274196,17,0.019274196,,,17,0.019274196,17,0.019274196,17,0.019274196,17,0.019274196,,,,,17,0.019274196,,,,,17,0.019274196,17,0.019274196,17,0.019274196,,,,,17,0.002427615,8.5,-0.015683122,,,8.5,-0.018013734,,,4.25,-0.001307924,,,4.25,0.625393465,,,17,0.003247549,17,0,1.307692308,0.120538495,8.5,0.005024948,8.5,0.000982249,4.25,0.020986429,4.25,0.018067562,,,,,,,17,-0.007249553
18,18,0.018631412,18,0.018631412,18,0.018631412,18,0.018592056,18,0.018631412,18,0.018631412,,,18,0.018623519,18,0.018631412,18,0.018631412,18,0.018631412,18,0.018631412,18,0.018631412,,,,,18,0.018631412,18,0.018631412,18,0.018631412,,,18,0.018631412,18,0.018631412,18,0.018631412,18,0.018631412,,,,,18,0.018631412,,,,,18,0.018631412,18,0.018631412,18,0.018631412,,,,,18,0.002346655,9,-2.277125944,,,9,-0.017710813,,,4.5,-0.00129361,,,4.5,0.620112828,,,18,0.003137728,18,0,1.384615385,0.120135475,9,0.004940448,9,0.000965732,4.5,0.020707394,4.5,0.017915005,,,,,,,18,-0.007007785
19,19,0.018010065,19,0.018010065,19,0.018010065,19,0.017972021,19,0.018010065,19,0.018010065,,,19,0.018002435,19,0.018010065,19,0.018010065,19,0.018010065,19,0.018010065,19,0.018010065,,,,,19,0.018010065,19,0.018010065,19,0.018010065,,,19,0.018010065,19,0.018010065,19,0.018010065,19,0.018010065,,,,,19,0.018010065,,,,,19,0.018010065,19,0.018010065,19,0.018010065,,,,,19,0.002268396,9.5,0.02545752,,,9.5,-0.017412986,,,4.75,-0.001279453,,,4.75,0.614876778,,,19,0.003031622,19,0,1.461538462,0.119733802,9.5,0.004857369,9.5,0.000949492,4.75,0.020432068,4.75,0.017763736,,,,,,,19,-0.006774079
20,20,0.658523021,20,0.658523021,20,0.658523021,20,0.669132707,20,0.658523021,20,0.658523021,,,20,0.660612712,20,0.658523021,20,0.658523021,20,0.658523021,20,0.658523021,20,0.658523021,,,,,20,0.658523021,20,0.658523021,20,0.658523021,,,20,0.658523021,20,0.658523021,20,0.658523021,20,0.658523021,,,,,20,0.658523021,,,,,20,0.658523021,20,0.658523021,20,0.658523021,,,,,20,0.123627287,10,2.26102446,,,10,-1.265057545,,,5,-0.299407742,,,5,96.25079024,,,20,0.011186036,20,-0.284130189,1.538461538,0.119333473,10,0.479005156,10,0.065425747,5,3.275714884,5,2.68773071,,,,,,,20,-0.607990146
21,,,,,,,,,,,,,,,,,,,,,,,,,,,,,,,,,,,,,,,,,,,,,,,,,,,,,,,,,,,,,,,,,,,21,-0.001816292,10.5,-0.016006809,,,10.5,0.001897148,,,5.25,0.000746207,,,5.25,-0.203918988,,,21,0.002753557,,,1.615384615,0.118934481,10.5,-0.005072659,,,5.25,-0.044513635,5.25,-0.00273926,,,,,,,21,0.011914047
22,,,,,,,,,,,,,,,,,,,,,,,,,,,,,,,,,,,,,,,,,,,,,,,,,,,,,,,,,,,,,,,,,,,22,-0.00175572,11,-0.015737636,,,11,0.001865246,,,5.5,0.00073804,,,5.5,-0.202197156,,,22,0.002660441,,,1.692307692,0.118536824,11,-0.004987357,,,5.5,-0.043921782,5.5,-0.00271613,,,,,,,22,0.011516721
23,,,,,,,,,,,,,,,,,,,,,,,,,,,,,,,,,,,,,,,,,,,,,,,,,,,,,,,,,,,,,,,,,,,23,-0.001697167,11.5,-0.01547299,,,11.5,0.001833879,,,5.75,0.000729963,,,5.75,-0.200489863,,,23,0.002570475,,,1.769230769,0.118140497,11.5,-0.004903489,,,5.75,-0.043337797,5.75,-0.002693196,,,,,,,23,0.011132644
24,,,,,,,,,,,,,,,,,,,,,,,,,,,,,,,,,,,,,,,,,,,,,,,,,,,,,,,,,,,,,,,,,,,24,-0.001640568,12,-0.532895774,,,12,0.001803041,,,6,0.000721975,,,6,-0.198796986,,,24,0.002483551,,,1.846153846,0.117745494,12,-0.004821031,,,6,-1.481685578,6,-0.002670455,,,,,,,24,0.010761377
25,,,,,,,,,,,,,,,,,,,,,,,,,,,,,,,,,,,,,,,,,,,,,,,,,,,,,,,,,,,,,,,,,,,25,-0.001585856,12.5,-0.005362748,,,12.5,0.001772721,,,6.25,0.000714073,,,6.25,-0.197118403,,,25,-1.134474692,,,1.923076923,0.117351812,12.5,-0.00473996,,,6.25,-0.012909808,6.25,-0.002647907,,,,,,,25,0.010402491
26,,,,,,,,,,,,,,,,,,,,,,,,,,,,,,,,,,,,,,,,,,,,,,,,,,,,,,,,,,,,,,,,,,,26,-0.001532968,13,-0.005272567,,,13,0.00174291,,,6.5,0.000706259,,,6.5,-0.195453994,,,26,0.013454297,,,2,11.62814225,13,-0.004660253,,,6.5,-0.012738159,6.5,-0.002625549,,,,,,,26,0.010055574
27,,,,,,,,,,,,,,,,,,,,,,,,,,,,,,,,,,,,,,,,,,,,,,,,,,,,,,,,,,,,,,,,,,,27,-0.001481845,13.5,-0.005183903,,,13.5,0.001713601,,,6.75,0.000698529,,,6.75,-0.193803638,,,27,0.01299932,,,2.076923077,0.029022904,13.5,-0.004581885,,,6.75,-0.012568793,6.75,-0.002603379,,,,,,,27,0.009720226
28,,,,,,,,,,,,,,,,,,,,,,,,,,,,,,,,,,,,,,,,,,,,,,,,,,,,,,,,,,,,,,,,,,,28,-0.001432426,14,-0.00509673,,,14,0.001684785,,,7,0.000690885,,,7,-25.55236838,,,28,0.01255973,,,2.153846154,0.028925865,14,-0.004504836,,,7,-0.012401678,7,0.153541293,,,,,,,28,0.009396062
29,,,,,,,,,,,,,,,,,,,,,,,,,,,,,,,,,,,,,,,,,,,,,,,,,,,,,,,,,,,,,,,,,,,29,-0.001384655,14.5,-0.005011023,,,14.5,0.001656454,,,7.25,0.000683324,,,7.25,0.02445426,,,29,0.012135005,,,2.230769231,0.028829152,14.5,-0.004429082,,,7.25,-0.012236785,7.25,-0.003731277,,,,,,,29,0.009082708
30,,,,,,,,,,,,,,,,,,,,,,,,,,,,,,,,,,,,,,,,,,,,,,,,,,,,,,,,,,,,,,,,,,,30,-0.355062303,15,-0.177846876,,,15,0.001628599,,,7.5,0.000675846,,,7.5,0.024247775,,,30,1.159736212,,,2.307692308,0.028732762,15,-0.004354602,,,7.5,-0.012074085,7.5,-0.003699771,,,,,,,30,0.308534156
31,,,,,,,,,,,,,,,,,,,,,,,,,,,,,,,,,,,,,,,,,,,,,,,,,,,,,,,,,,,,,,,,,,,31,0.00976067,15.5,-0.001594548,,,15.5,0.001601212,,,7.75,0.000668449,,,7.75,0.024043034,,,,,,,2.384615385,0.028636694,15.5,-0.004281375,,,7.75,-0.011913547,7.75,-0.003668531,,,,,,,,
32,,,,,,,,,,,,,,,,,,,,,,,,,,,,,,,,,,,,,,,,,,,,,,,,,,,,,,,,,,,,,,,,,,,32,0.009435157,16,-0.001567734,,,16,0.001574286,,,8,0.000661134,,,8,0.023840022,,,,,,,2.461538462,0.028540947,16,-0.004209379,,,8,-0.011755145,8,-0.003637555,,,,,,,,
33,,,,,,,,,,,,,,,,,,,,,,,,,,,,,,,,,,,,,,,,,,,,,,,,,,,,,,,,,,,,,,,,,,,33,0.0091205,16.5,-0.001541371,,,16.5,0.001547812,,,8.25,0.000653898,,,8.25,0.023638724,,,,,,,2.538461538,0.02844552,16.5,-0.004138593,,,8.25,-0.011598848,8.25,-0.003606841,,,,,,,,
34,,,,,,,,,,,,,,,,,,,,,,,,,,,,,,,,,,,,,,,,,,,,,,,,,,,,,,,,,,,,,,,,,,,34,0.008816336,17,-0.001515451,,,17,0.001521784,,,8.5,0.000646742,,,8.5,0.023439125,,,,,,,2.615384615,0.028350413,17,-0.004068998,,,8.5,-0.01144463,8.5,-0.003576386,,,,,,,,
35,,,,,,,,,,,,,,,,,,,,,,,,,,,,,,,,,,,,,,,,,,,,,,,,,,,,,,,,,,,,,,,,,,,35,0.008522316,17.5,-0.001489967,,,17.5,0.001496194,,,8.75,0.000639664,,,8.75,0.023241212,,,,,,,2.692307692,0.028255623,17.5,-0.004000573,,,8.75,-0.011292462,8.75,-0.003546188,,,,,,,,
36,,,,,,,,,,,,,,,,,,,,,,,,,,,,,,,,,,,,,,,,,,,,,,,,,,,,,,,,,,,,,,,,,,,36,0.008238102,18,-0.001464912,,,18,0.001471033,,,9,0.000632664,,,9,0.02304497,,,,,,,2.769230769,0.028161151,18,-0.003933299,,,9,-0.011142317,9,-0.003516245,,,,,,,,
37,,,,,,,,,,,,,,,,,,,,,,,,,,,,,,,,,,,,,,,,,,,,,,,,,,,,,,,,,,,,,,,,,,,37,0.007963366,18.5,-0.001440278,,,18.5,0.001446296,,,9.25,0.00062574,,,9.25,0.022850386,,,,,,,2.846153846,0.028066994,18.5,-0.003867157,,,9.25,-0.010994169,9.25,-0.003486554,,,,,,,,
38,,,,,,,,,,,,,,,,,,,,,,,,,,,,,,,,,,,,,,,,,,,,,,,,,,,,,,,,,,,,,,,,,,,38,0.007697792,19,-0.001416058,,,19,0.001421975,,,9.5,0.000618892,,,9.5,0.022657444,,,,,,,2.923076923,0.027973152,19,-0.003802126,,,9.5,-0.01084799,9.5,-0.003457115,,,,,,,,
39,,,,,,,,,,,,,,,,,,,,,,,,,,,,,,,,,,,,,,,,,,,,,,,,,,,,,,,,,,,,,,,,,,,39,0.007441075,19.5,-0.001392245,,,19.5,0.001398063,,,9.75,0.000612119,,,9.75,0.022466131,,,,,,,3,2.751470928,19.5,-0.003738189,,,9.75,-0.010703756,9.75,-0.003427924,,,,,,,,
40,,,,,,,,,,,,,,,,,,,,,,,,,,,,,,,,,,,,,,,,,,,,,,,,,,,,,,,,,,,,,,,,,,,40,0.007192919,20,-0.305122608,,,20,0.001374553,,,10,0.080793491,,,10,2.78990635,,,,,,,3.076923077,0.008805894,20,-0.174720223,,,10,-0.153906764,10,-0.789447227,,,,,,,,
41,,,,,,,,,,,,,,,,,,,,,,,,,,,,,,,,,,,,,,,,,,,,,,,,,,,,,,,,,,,,,,,,,,,41,0.006953039,20.5,0.004283659,,,20.5,0.001351439,,,,,,,10.25,-0.001443699,,,,,,,3.153846154,0.008776452,,,,,10.25,-0.007252771,10.25,0.002494789,,,,,,,,
42,,,,,,,,,,,,,,,,,,,,,,,,,,,,,,,,,,,,,,,,,,,,,,,,,,,,,,,,,,,,,,,,,,,42,0.006721159,21,0.004211625,,,21,0.001328713,,,,,,,10.5,-0.001431509,,,,,,,3.230769231,0.008747108,,,,,10.5,-0.007156338,10.5,0.002473723,,,,,,,,
43,,,,,,,,,,,,,,,,,,,,,,,,,,,,,,,,,,,,,,,,,,,,,,,,,,,,,,,,,,,,,,,,,,,43,0.006497012,21.5,0.004140802,,,21.5,0.001306369,,,,,,,10.75,-0.001419422,,,,,,,3.307692308,0.008717862,,,,,10.75,-0.007061187,10.75,0.002452836,,,,,,,,
44,,,,,,,,,,,,,,,,,,,,,,,,,,,,,,,,,,,,,,,,,,,,,,,,,,,,,,,,,,,,,,,,,,,44,0.006280341,22,0.004071169,,,22,0.001284401,,,,,,,11,-0.001407436,,,,,,,3.384615385,0.008688713,,,,,11,-0.006967301,11,0.002432125,,,,,,,,
45,,,,,,,,,,,,,,,,,,,,,,,,,,,,,,,,,,,,,,,,,,,,,,,,,,,,,,,,,,,,,,,,,,,45,0.006070895,22.5,0.004002708,,,22.5,0.001262802,,,,,,,11.25,-0.001395552,,,,,,,3.461538462,0.008659663,,,,,11.25,-0.006874664,11.25,0.002411589,,,,,,,,
46,,,,,,,,,,,,,,,,,,,,,,,,,,,,,,,,,,,,,,,,,,,,,,,,,,,,,,,,,,,,,,,,,,,46,0.005868434,23,0.003935398,,,23,0.001241567,,,,,,,11.5,-0.001383769,,,,,,,3.538461538,0.008630709,,,,,11.5,-0.006783259,11.5,0.002391226,,,,,,,,
47,,,,,,,,,,,,,,,,,,,,,,,,,,,,,,,,,,,,,,,,,,,,,,,,,,,,,,,,,,,,,,,,,,,47,0.005672725,23.5,0.00386922,,,23.5,0.001220688,,,,,,,11.75,-0.001372085,,,,,,,3.615384615,0.008601852,,,,,11.75,-0.006693068,11.75,0.002371035,,,,,,,,
48,,,,,,,,,,,,,,,,,,,,,,,,,,,,,,,,,,,,,,,,,,,,,,,,,,,,,,,,,,,,,,,,,,,48,0.005483543,24,0.003804155,,,24,0.001200161,,,,,,,12,-0.001360499,,,,,,,3.692307692,0.008573092,,,,,12,-0.006604077,12,0.002351015,,,,,,,,
49,,,,,,,,,,,,,,,,,,,,,,,,,,,,,,,,,,,,,,,,,,,,,,,,,,,,,,,,,,,,,,,,,,,49,0.005300669,24.5,0.003740184,,,24.5,0.001179979,,,,,,,12.25,-0.001349012,,,,,,,3.769230769,0.008544428,,,,,12.25,-0.006516269,12.25,0.002331164,,,,,,,,
50,,,,,,,,,,,,,,,,,,,,,,,,,,,,,,,,,,,,,,,,,,,,,,,,,,,,,,,,,,,,,,,,,,,50,0.176807431,25,-0.122626197,,,25,0.001160137,,,,,,,12.5,-0.001337621,,,,,,,3.846153846,0.00851586,,,,,12.5,-0.006429629,12.5,0.00231148,,,,,,,,
51,,,,,,,,,,,,,,,,,,,,,,,,,,,,,,,,,,,,,,,,,,,,,,,,,,,,,,,,,,,,,,,,,,,,,25.5,0.005871638,,,25.5,0.001140628,,,,,,,12.75,-0.001326326,,,,,,,3.923076923,0.008487387,,,,,12.75,-0.006344141,12.75,0.002291963,,,,,,,,
52,,,,,,,,,,,,,,,,,,,,,,,,,,,,,,,,,,,,,,,,,,,,,,,,,,,,,,,,,,,,,,,,,,,,,26,0.0057729,,,26,0.001121447,,,,,,,13,-0.001315127,,,,,,,4,1.416231971,,,,,13,-0.006259789,13,0.00227261,,,,,,,,
53,,,,,,,,,,,,,,,,,,,,,,,,,,,,,,,,,,,,,,,,,,,,,,,,,,,,,,,,,,,,,,,,,,,,,26.5,0.005675822,,,26.5,0.001102588,,,,,,,13.25,-0.001304023,,,,,,,4.076923077,-0.000915852,,,,,13.25,-0.006176559,13.25,0.002253421,,,,,,,,
54,,,,,,,,,,,,,,,,,,,,,,,,,,,,,,,,,,,,,,,,,,,,,,,,,,,,,,,,,,,,,,,,,,,,,27,0.005580377,,,27,0.001084047,,,,,,,13.5,-0.001293012,,,,,,,4.153846154,-0.00091279,,,,,13.5,-0.006094435,13.5,0.002234393,,,,,,,,
55,,,,,,,,,,,,,,,,,,,,,,,,,,,,,,,,,,,,,,,,,,,,,,,,,,,,,,,,,,,,,,,,,,,,,27.5,0.005486536,,,27.5,0.001065818,,,,,,,13.75,-0.001282094,,,,,,,4.230769231,-0.000909738,,,,,13.75,-0.006013403,13.75,0.002215527,,,,,,,,
56,,,,,,,,,,,,,,,,,,,,,,,,,,,,,,,,,,,,,,,,,,,,,,,,,,,,,,,,,,,,,,,,,,,,,28,0.005394274,,,28,0.001047895,,,,,,,14,-0.001271269,,,,,,,4.307692308,-0.000906696,,,,,14,-0.005933449,14,0.00219682,,,,,,,,
57,,,,,,,,,,,,,,,,,,,,,,,,,,,,,,,,,,,,,,,,,,,,,,,,,,,,,,,,,,,,,,,,,,,,,28.5,0.005303564,,,28.5,0.001030273,,,,,,,14.25,-0.001260534,,,,,,,4.384615385,-0.000903665,,,,,14.25,-0.005854558,14.25,0.00217827,,,,,,,,
58,,,,,,,,,,,,,,,,,,,,,,,,,,,,,,,,,,,,,,,,,,,,,,,,,,,,,,,,,,,,,,,,,,,,,29,0.005214378,,,29,0.001012948,,,,,,,14.5,-0.001249891,,,,,,,4.461538462,-0.000900643,,,,,14.5,-0.005776716,14.5,0.002159878,,,,,,,,
59,,,,,,,,,,,,,,,,,,,,,,,,,,,,,,,,,,,,,,,,,,,,,,,,,,,,,,,,,,,,,,,,,,,,,29.5,0.005126693,,,29.5,0.000995914,,,,,,,14.75,-0.001239337,,,,,,,4.538461538,-0.000897632,,,,,14.75,-0.005699908,14.75,0.00214164,,,,,,,,
60,,,,,,,,,,,,,,,,,,,,,,,,,,,,,,,,,,,,,,,,,,,,,,,,,,,,,,,,,,,,,,,,,,,,,30,0.291834786,,,30,0.064355649,,,,,,,15,-0.144537614,,,,,,,4.615384615,-0.000894631,,,,,15,-0.247782244,15,0.002123557,,,,,,,,
61,,,,,,,,,,,,,,,,,,,,,,,,,,,,,,,,,,,,,,,,,,,,,,,,,,,,,,,,,,,,,,,,,,,,,,,,,,,,,,,,,,,,,,,,,4.692307692,-0.000891639,,,,,,,15.25,0.002105626,,,,,,,,
62,,,,,,,,,,,,,,,,,,,,,,,,,,,,,,,,,,,,,,,,,,,,,,,,,,,,,,,,,,,,,,,,,,,,,,,,,,,,,,,,,,,,,,,,,4.769230769,-0.000888658,,,,,,,15.5,0.002087847,,,,,,,,
63,,,,,,,,,,,,,,,,,,,,,,,,,,,,,,,,,,,,,,,,,,,,,,,,,,,,,,,,,,,,,,,,,,,,,,,,,,,,,,,,,,,,,,,,,4.846153846,-0.000885687,,,,,,,15.75,0.002070218,,,,,,,,
64,,,,,,,,,,,,,,,,,,,,,,,,,,,,,,,,,,,,,,,,,,,,,,,,,,,,,,,,,,,,,,,,,,,,,,,,,,,,,,,,,,,,,,,,,4.923076923,-0.000882726,,,,,,,16,0.002052737,,,,,,,,
65,,,,,,,,,,,,,,,,,,,,,,,,,,,,,,,,,,,,,,,,,,,,,,,,,,,,,,,,,,,,,,,,,,,,,,,,,,,,,,,,,,,,,,,,,5,0.623810016,,,,,,,16.25,0.002035405,,,,,,,,
66,,,,,,,,,,,,,,,,,,,,,,,,,,,,,,,,,,,,,,,,,,,,,,,,,,,,,,,,,,,,,,,,,,,,,,,,,,,,,,,,,,,,,,,,,5.076923077,-0.004926135,,,,,,,16.5,0.002018218,,,,,,,,
67,,,,,,,,,,,,,,,,,,,,,,,,,,,,,,,,,,,,,,,,,,,,,,,,,,,,,,,,,,,,,,,,,,,,,,,,,,,,,,,,,,,,,,,,,5.153846154,-0.004909664,,,,,,,16.75,0.002001177,,,,,,,,
68,,,,,,,,,,,,,,,,,,,,,,,,,,,,,,,,,,,,,,,,,,,,,,,,,,,,,,,,,,,,,,,,,,,,,,,,,,,,,,,,,,,,,,,,,5.230769231,-0.004893249,,,,,,,17,0.00198428,,,,,,,,
69,,,,,,,,,,,,,,,,,,,,,,,,,,,,,,,,,,,,,,,,,,,,,,,,,,,,,,,,,,,,,,,,,,,,,,,,,,,,,,,,,,,,,,,,,5.307692308,-0.004876888,,,,,,,17.25,0.001967525,,,,,,,,
70,,,,,,,,,,,,,,,,,,,,,,,,,,,,,,,,,,,,,,,,,,,,,,,,,,,,,,,,,,,,,,,,,,,,,,,,,,,,,,,,,,,,,,,,,5.384615385,-0.004860582,,,,,,,17.5,0.001950912,,,,,,,,
71,,,,,,,,,,,,,,,,,,,,,,,,,,,,,,,,,,,,,,,,,,,,,,,,,,,,,,,,,,,,,,,,,,,,,,,,,,,,,,,,,,,,,,,,,5.461538462,-0.004844331,,,,,,,17.75,0.001934439,,,,,,,,
72,,,,,,,,,,,,,,,,,,,,,,,,,,,,,,,,,,,,,,,,,,,,,,,,,,,,,,,,,,,,,,,,,,,,,,,,,,,,,,,,,,,,,,,,,5.538461538,-0.004828134,,,,,,,18,0.001918105,,,,,,,,
73,,,,,,,,,,,,,,,,,,,,,,,,,,,,,,,,,,,,,,,,,,,,,,,,,,,,,,,,,,,,,,,,,,,,,,,,,,,,,,,,,,,,,,,,,5.615384615,-0.004811991,,,,,,,18.25,0.001901909,,,,,,,,
74,,,,,,,,,,,,,,,,,,,,,,,,,,,,,,,,,,,,,,,,,,,,,,,,,,,,,,,,,,,,,,,,,,,,,,,,,,,,,,,,,,,,,,,,,5.692307692,-0.004795902,,,,,,,18.5,0.00188585,,,,,,,,
75,,,,,,,,,,,,,,,,,,,,,,,,,,,,,,,,,,,,,,,,,,,,,,,,,,,,,,,,,,,,,,,,,,,,,,,,,,,,,,,,,,,,,,,,,5.769230769,-0.004779867,,,,,,,18.75,0.001869927,,,,,,,,
76,,,,,,,,,,,,,,,,,,,,,,,,,,,,,,,,,,,,,,,,,,,,,,,,,,,,,,,,,,,,,,,,,,,,,,,,,,,,,,,,,,,,,,,,,5.846153846,-0.004763886,,,,,,,19,0.001854137,,,,,,,,
77,,,,,,,,,,,,,,,,,,,,,,,,,,,,,,,,,,,,,,,,,,,,,,,,,,,,,,,,,,,,,,,,,,,,,,,,,,,,,,,,,,,,,,,,,5.923076923,-0.004747958,,,,,,,19.25,0.001838482,,,,,,,,
78,,,,,,,,,,,,,,,,,,,,,,,,,,,,,,,,,,,,,,,,,,,,,,,,,,,,,,,,,,,,,,,,,,,,,,,,,,,,,,,,,,,,,,,,,6,-0.004732083,,,,,,,19.5,0.001822958,,,,,,,,
79,,,,,,,,,,,,,,,,,,,,,,,,,,,,,,,,,,,,,,,,,,,,,,,,,,,,,,,,,,,,,,,,,,,,,,,,,,,,,,,,,,,,,,,,,6.076923077,-0.004716261,,,,,,,19.75,0.001807566,,,,,,,,
80,,,,,,,,,,,,,,,,,,,,,,,,,,,,,,,,,,,,,,,,,,,,,,,,,,,,,,,,,,,,,,,,,,,,,,,,,,,,,,,,,,,,,,,,,6.153846154,-0.004700492,,,,,,,20,0.256924397,,,,,,,,
81,,,,,,,,,,,,,,,,,,,,,,,,,,,,,,,,,,,,,,,,,,,,,,,,,,,,,,,,,,,,,,,,,,,,,,,,,,,,,,,,,,,,,,,,,6.230769231,-0.004684776,,,,,,,,,,,,,,,,
82,,,,,,,,,,,,,,,,,,,,,,,,,,,,,,,,,,,,,,,,,,,,,,,,,,,,,,,,,,,,,,,,,,,,,,,,,,,,,,,,,,,,,,,,,6.307692308,-0.004669113,,,,,,,,,,,,,,,,
83,,,,,,,,,,,,,,,,,,,,,,,,,,,,,,,,,,,,,,,,,,,,,,,,,,,,,,,,,,,,,,,,,,,,,,,,,,,,,,,,,,,,,,,,,6.384615385,-0.004653502,,,,,,,,,,,,,,,,
84,,,,,,,,,,,,,,,,,,,,,,,,,,,,,,,,,,,,,,,,,,,,,,,,,,,,,,,,,,,,,,,,,,,,,,,,,,,,,,,,,,,,,,,,,6.461538462,-0.004637943,,,,,,,,,,,,,,,,
85,,,,,,,,,,,,,,,,,,,,,,,,,,,,,,,,,,,,,,,,,,,,,,,,,,,,,,,,,,,,,,,,,,,,,,,,,,,,,,,,,,,,,,,,,6.538461538,-0.004622436,,,,,,,,,,,,,,,,
86,,,,,,,,,,,,,,,,,,,,,,,,,,,,,,,,,,,,,,,,,,,,,,,,,,,,,,,,,,,,,,,,,,,,,,,,,,,,,,,,,,,,,,,,,6.615384615,-0.004606981,,,,,,,,,,,,,,,,
87,,,,,,,,,,,,,,,,,,,,,,,,,,,,,,,,,,,,,,,,,,,,,,,,,,,,,,,,,,,,,,,,,,,,,,,,,,,,,,,,,,,,,,,,,6.692307692,-0.004591577,,,,,,,,,,,,,,,,
88,,,,,,,,,,,,,,,,,,,,,,,,,,,,,,,,,,,,,,,,,,,,,,,,,,,,,,,,,,,,,,,,,,,,,,,,,,,,,,,,,,,,,,,,,6.769230769,-0.004576225,,,,,,,,,,,,,,,,
89,,,,,,,,,,,,,,,,,,,,,,,,,,,,,,,,,,,,,,,,,,,,,,,,,,,,,,,,,,,,,,,,,,,,,,,,,,,,,,,,,,,,,,,,,6.846153846,-0.004560925,,,,,,,,,,,,,,,,
90,,,,,,,,,,,,,,,,,,,,,,,,,,,,,,,,,,,,,,,,,,,,,,,,,,,,,,,,,,,,,,,,,,,,,,,,,,,,,,,,,,,,,,,,,6.923076923,-0.004545675,,,,,,,,,,,,,,,,
91,,,,,,,,,,,,,,,,,,,,,,,,,,,,,,,,,,,,,,,,,,,,,,,,,,,,,,,,,,,,,,,,,,,,,,,,,,,,,,,,,,,,,,,,,7,-0.004530477,,,,,,,,,,,,,,,,
92,,,,,,,,,,,,,,,,,,,,,,,,,,,,,,,,,,,,,,,,,,,,,,,,,,,,,,,,,,,,,,,,,,,,,,,,,,,,,,,,,,,,,,,,,7.076923077,-0.004515329,,,,,,,,,,,,,,,,
93,,,,,,,,,,,,,,,,,,,,,,,,,,,,,,,,,,,,,,,,,,,,,,,,,,,,,,,,,,,,,,,,,,,,,,,,,,,,,,,,,,,,,,,,,7.153846154,-0.004500232,,,,,,,,,,,,,,,,
94,,,,,,,,,,,,,,,,,,,,,,,,,,,,,,,,,,,,,,,,,,,,,,,,,,,,,,,,,,,,,,,,,,,,,,,,,,,,,,,,,,,,,,,,,7.230769231,-0.004485186,,,,,,,,,,,,,,,,
95,,,,,,,,,,,,,,,,,,,,,,,,,,,,,,,,,,,,,,,,,,,,,,,,,,,,,,,,,,,,,,,,,,,,,,,,,,,,,,,,,,,,,,,,,7.307692308,-0.004470189,,,,,,,,,,,,,,,,
96,,,,,,,,,,,,,,,,,,,,,,,,,,,,,,,,,,,,,,,,,,,,,,,,,,,,,,,,,,,,,,,,,,,,,,,,,,,,,,,,,,,,,,,,,7.384615385,-0.004455243,,,,,,,,,,,,,,,,
97,,,,,,,,,,,,,,,,,,,,,,,,,,,,,,,,,,,,,,,,,,,,,,,,,,,,,,,,,,,,,,,,,,,,,,,,,,,,,,,,,,,,,,,,,7.461538462,-0.004440347,,,,,,,,,,,,,,,,
98,,,,,,,,,,,,,,,,,,,,,,,,,,,,,,,,,,,,,,,,,,,,,,,,,,,,,,,,,,,,,,,,,,,,,,,,,,,,,,,,,,,,,,,,,7.538461538,-0.004425501,,,,,,,,,,,,,,,,
99,,,,,,,,,,,,,,,,,,,,,,,,,,,,,,,,,,,,,,,,,,,,,,,,,,,,,,,,,,,,,,,,,,,,,,,,,,,,,,,,,,,,,,,,,7.615384615,-0.004410704,,,,,,,,,,,,,,,,
100,,,,,,,,,,,,,,,,,,,,,,,,,,,,,,,,,,,,,,,,,,,,,,,,,,,,,,,,,,,,,,,,,,,,,,,,,,,,,,,,,,,,,,,,,7.692307692,-0.004395957,,,,,,,,,,,,,,,,
101,,,,,,,,,,,,,,,,,,,,,,,,,,,,,,,,,,,,,,,,,,,,,,,,,,,,,,,,,,,,,,,,,,,,,,,,,,,,,,,,,,,,,,,,,7.769230769,-0.004381259,,,,,,,,,,,,,,,,
102,,,,,,,,,,,,,,,,,,,,,,,,,,,,,,,,,,,,,,,,,,,,,,,,,,,,,,,,,,,,,,,,,,,,,,,,,,,,,,,,,,,,,,,,,7.846153846,-0.00436661,,,,,,,,,,,,,,,,
103,,,,,,,,,,,,,,,,,,,,,,,,,,,,,,,,,,,,,,,,,,,,,,,,,,,,,,,,,,,,,,,,,,,,,,,,,,,,,,,,,,,,,,,,,7.923076923,-0.004352011,,,,,,,,,,,,,,,,
104,,,,,,,,,,,,,,,,,,,,,,,,,,,,,,,,,,,,,,,,,,,,,,,,,,,,,,,,,,,,,,,,,,,,,,,,,,,,,,,,,,,,,,,,,8,-0.00433746,,,,,,,,,,,,,,,,
105,,,,,,,,,,,,,,,,,,,,,,,,,,,,,,,,,,,,,,,,,,,,,,,,,,,,,,,,,,,,,,,,,,,,,,,,,,,,,,,,,,,,,,,,,8.076923077,-0.004322957,,,,,,,,,,,,,,,,
106,,,,,,,,,,,,,,,,,,,,,,,,,,,,,,,,,,,,,,,,,,,,,,,,,,,,,,,,,,,,,,,,,,,,,,,,,,,,,,,,,,,,,,,,,8.153846154,-0.004308504,,,,,,,,,,,,,,,,
107,,,,,,,,,,,,,,,,,,,,,,,,,,,,,,,,,,,,,,,,,,,,,,,,,,,,,,,,,,,,,,,,,,,,,,,,,,,,,,,,,,,,,,,,,8.230769231,-0.004294098,,,,,,,,,,,,,,,,
108,,,,,,,,,,,,,,,,,,,,,,,,,,,,,,,,,,,,,,,,,,,,,,,,,,,,,,,,,,,,,,,,,,,,,,,,,,,,,,,,,,,,,,,,,8.307692308,-0.004279741,,,,,,,,,,,,,,,,
109,,,,,,,,,,,,,,,,,,,,,,,,,,,,,,,,,,,,,,,,,,,,,,,,,,,,,,,,,,,,,,,,,,,,,,,,,,,,,,,,,,,,,,,,,8.384615385,-0.004265432,,,,,,,,,,,,,,,,
110,,,,,,,,,,,,,,,,,,,,,,,,,,,,,,,,,,,,,,,,,,,,,,,,,,,,,,,,,,,,,,,,,,,,,,,,,,,,,,,,,,,,,,,,,8.461538462,-0.00425117,,,,,,,,,,,,,,,,
111,,,,,,,,,,,,,,,,,,,,,,,,,,,,,,,,,,,,,,,,,,,,,,,,,,,,,,,,,,,,,,,,,,,,,,,,,,,,,,,,,,,,,,,,,8.538461538,-0.004236956,,,,,,,,,,,,,,,,
112,,,,,,,,,,,,,,,,,,,,,,,,,,,,,,,,,,,,,,,,,,,,,,,,,,,,,,,,,,,,,,,,,,,,,,,,,,,,,,,,,,,,,,,,,8.615384615,-0.00422279,,,,,,,,,,,,,,,,
113,,,,,,,,,,,,,,,,,,,,,,,,,,,,,,,,,,,,,,,,,,,,,,,,,,,,,,,,,,,,,,,,,,,,,,,,,,,,,,,,,,,,,,,,,8.692307692,-0.004208671,,,,,,,,,,,,,,,,
114,,,,,,,,,,,,,,,,,,,,,,,,,,,,,,,,,,,,,,,,,,,,,,,,,,,,,,,,,,,,,,,,,,,,,,,,,,,,,,,,,,,,,,,,,8.769230769,-0.004194599,,,,,,,,,,,,,,,,
115,,,,,,,,,,,,,,,,,,,,,,,,,,,,,,,,,,,,,,,,,,,,,,,,,,,,,,,,,,,,,,,,,,,,,,,,,,,,,,,,,,,,,,,,,8.846153846,-0.004180575,,,,,,,,,,,,,,,,
116,,,,,,,,,,,,,,,,,,,,,,,,,,,,,,,,,,,,,,,,,,,,,,,,,,,,,,,,,,,,,,,,,,,,,,,,,,,,,,,,,,,,,,,,,8.923076923,-0.004166597,,,,,,,,,,,,,,,,
117,,,,,,,,,,,,,,,,,,,,,,,,,,,,,,,,,,,,,,,,,,,,,,,,,,,,,,,,,,,,,,,,,,,,,,,,,,,,,,,,,,,,,,,,,9,-0.004152666,,,,,,,,,,,,,,,,
118,,,,,,,,,,,,,,,,,,,,,,,,,,,,,,,,,,,,,,,,,,,,,,,,,,,,,,,,,,,,,,,,,,,,,,,,,,,,,,,,,,,,,,,,,9.076923077,-0.004138782,,,,,,,,,,,,,,,,
119,,,,,,,,,,,,,,,,,,,,,,,,,,,,,,,,,,,,,,,,,,,,,,,,,,,,,,,,,,,,,,,,,,,,,,,,,,,,,,,,,,,,,,,,,9.153846154,-0.004124944,,,,,,,,,,,,,,,,
120,,,,,,,,,,,,,,,,,,,,,,,,,,,,,,,,,,,,,,,,,,,,,,,,,,,,,,,,,,,,,,,,,,,,,,,,,,,,,,,,,,,,,,,,,9.230769231,-0.004111152,,,,,,,,,,,,,,,,
121,,,,,,,,,,,,,,,,,,,,,,,,,,,,,,,,,,,,,,,,,,,,,,,,,,,,,,,,,,,,,,,,,,,,,,,,,,,,,,,,,,,,,,,,,9.307692308,-0.004097406,,,,,,,,,,,,,,,,
122,,,,,,,,,,,,,,,,,,,,,,,,,,,,,,,,,,,,,,,,,,,,,,,,,,,,,,,,,,,,,,,,,,,,,,,,,,,,,,,,,,,,,,,,,9.384615385,-0.004083707,,,,,,,,,,,,,,,,
123,,,,,,,,,,,,,,,,,,,,,,,,,,,,,,,,,,,,,,,,,,,,,,,,,,,,,,,,,,,,,,,,,,,,,,,,,,,,,,,,,,,,,,,,,9.461538462,-0.004070053,,,,,,,,,,,,,,,,
124,,,,,,,,,,,,,,,,,,,,,,,,,,,,,,,,,,,,,,,,,,,,,,,,,,,,,,,,,,,,,,,,,,,,,,,,,,,,,,,,,,,,,,,,,9.538461538,-0.004056445,,,,,,,,,,,,,,,,
125,,,,,,,,,,,,,,,,,,,,,,,,,,,,,,,,,,,,,,,,,,,,,,,,,,,,,,,,,,,,,,,,,,,,,,,,,,,,,,,,,,,,,,,,,9.615384615,-0.004042882,,,,,,,,,,,,,,,,
126,,,,,,,,,,,,,,,,,,,,,,,,,,,,,,,,,,,,,,,,,,,,,,,,,,,,,,,,,,,,,,,,,,,,,,,,,,,,,,,,,,,,,,,,,9.692307692,-0.004029364,,,,,,,,,,,,,,,,
127,,,,,,,,,,,,,,,,,,,,,,,,,,,,,,,,,,,,,,,,,,,,,,,,,,,,,,,,,,,,,,,,,,,,,,,,,,,,,,,,,,,,,,,,,9.769230769,-0.004015892,,,,,,,,,,,,,,,,
128,,,,,,,,,,,,,,,,,,,,,,,,,,,,,,,,,,,,,,,,,,,,,,,,,,,,,,,,,,,,,,,,,,,,,,,,,,,,,,,,,,,,,,,,,9.846153846,-0.004002465,,,,,,,,,,,,,,,,
129,,,,,,,,,,,,,,,,,,,,,,,,,,,,,,,,,,,,,,,,,,,,,,,,,,,,,,,,,,,,,,,,,,,,,,,,,,,,,,,,,,,,,,,,,9.923076923,-0.003989083,,,,,,,,,,,,,,,,
130,,,,,,,,,,,,,,,,,,,,,,,,,,,,,,,,,,,,,,,,,,,,,,,,,,,,,,,,,,,,,,,,,,,,,,,,,,,,,,,,,,,,,,,,,10,-0.627810271,,,,,,,,,,,,,,,,
131,,,,,,,,,,,,,,,,,,,,,,,,,,,,,,,,,,,,,,,,,,,,,,,,,,,,,,,,,,,,,,,,,,,,,,,,,,,,,,,,,,,,,,,,,,,,,,,,,,,,,,,,,,
132,,,,,,,,,,,,,,,,,,,,,,,,,,,,,,,,,,,,,,,,,,,,,,,,,,,,,,,,,,,,,,,,,,,,,,,,,,,,,,,,,,,,,,,,,,,,,,,,,,,,,,,,,,
133,,,,,,,,,,,,,,,,,,,,,,,,,,,,,,,,,,,,,,,,,,,,,,,,,,,,,,,,,,,,,,,,,,,,,,,,,,,,,,,,,,,,,,,,,,,,,,,,,,,,,,,,,,
134,,,,,,,,,,,,,,,,,,,,,,,,,,,,,,,,,,,,,,,,,,,,,,,,,,,,,,,,,,,,,,,,,,,,,,,,,,,,,,,,,,,,,,,,,,,,,,,,,,,,,,,,,,
135,,,,,,,,,,,,,,,,,,,,,,,,,,,,,,,,,,,,,,,,,,,,,,,,,,,,,,,,,,,,,,,,,,,,,,,,,,,,,,,,,,,,,,,,,,,,,,,,,,,,,,,,,,
136,,,,,,,,,,,,,,,,,,,,,,,,,,,,,,,,,,,,,,,,,,,,,,,,,,,,,,,,,,,,,,,,,,,,,,,,,,,,,,,,,,,,,,,,,,,,,,,,,,,,,,,,,,
137,,,,,,,,,,,,,,,,,,,,,,,,,,,,,,,,,,,,,,,,,,,,,,,,,,,,,,,,,,,,,,,,,,,,,,,,,,,,,,,,,,,,,,,,,,,,,,,,,,,,,,,,,,
138,,,,,,,,,,,,,,,,,,,,,,,,,,,,,,,,,,,,,,,,,,,,,,,,,,,,,,,,,,,,,,,,,,,,,,,,,,,,,,,,,,,,,,,,,,,,,,,,,,,,,,,,,,
139,,,,,,,,,,,,,,,,,,,,,,,,,,,,,,,,,,,,,,,,,,,,,,,,,,,,,,,,,,,,,,,,,,,,,,,,,,,,,,,,,,,,,,,,,,,,,,,,,,,,,,,,,,
