,Start cash,End cash,Start market value,After growth market value,End market value,Portfolio return,Dividend cash flow,Coupon cash flow,Terminal cash flow,Notional cash flow,Liability cash flow,UL gross premium cash flow,UL entry fee cash flow,UL admin fee cash flow,UL mortality cash flow,UL lapse cash flow,UL reserve,Company account,UL policies in force,UL deaths,UL lapses
2023-04-29,,100000.0,,,605279.0,,,,,,,,,,,,720000.0,0.0,5.0,,
2024-04-28,100000.0,-8.731149137020111e-11,605279.0,616059.2877598787,560478.4899122053,0.01781044404295984,11067.520563355192,67460.0,0.0,0.0,,27029.633633546677,540.5926726709337,3793.970700666223,-261137.95204457536,-0.0,494380.63792656525,4334.563373337157,4.0,1.0,0.0
2025-04-28,-8.731149137020111e-11,5.820766091346741e-11,560478.4899122053,525750.8612616009,616684.9067452088,-0.0619606805178986,10313.40065623267,61373.76658496953,0.0,0.0,,19246.878242405866,384.93756484811735,2411.404578259369,-0.0,-0.0,480199.01326506084,7130.905516444644,4.0,0.0,0.0
2026-04-28,5.820766091346741e-11,0.0,616684.9067452088,520446.07223249815,568131.1480257062,-0.15605835891241127,12391.725595225764,53207.400442349855,0.0,117384.958857972,,19631.549716291,392.63099432582,2121.0451774511,-0.0,-154930.55881863064,267447.2580294396,9644.581688221562,2.0,0.0,2.0
2027-04-28,0.0,2.9103830456733704e-11,568131.1480257062,454518.12689830177,625500.3437338519,-0.1999767510058501,13858.341563090045,17077.590765230347,0.0,128140.17627389754,,11906.108233332245,238.1221646666449,1127.3898007511227,-0.0,-0.0,224504.6205712035,11010.09365363933,2.0,0.0,0.0
2028-04-27,2.9103830456733704e-11,3.637978807091713e-11,625500.3437338519,625788.3427712552,675685.3196578664,0.0004604298627304271,19541.344435750096,18211.566656584728,0.0,0.0,,12144.065794276386,242.88131588552773,1181.7384853892731,-0.0,-0.0,235327.43519583705,12434.71345491413,2.0,0.0,0.0
2029-04-27,3.637978807091713e-11,-1.1641532182693481e-10,675685.3196578664,580992.8587982742,825072.0345129388,-0.14014284180029213,21623.594545015218,19663.658455719993,0.0,190405.14349728863,,12386.779216640633,247.73558433281266,1071.7029116138392,-0.0,-0.0,213415.32039461232,13754.151950860782,2.0,0.0,0.0
2030-04-27,-1.1641532182693481e-10,-1.0186340659856796e-10,825072.0345129388,843132.7632457585,888124.9503616691,0.02188988109805634,31472.91224766022,884.9313163474847,0.0,0.0,,12634.343551902894,252.68687103805786,1151.5563032595803,-0.0,-0.0,229317.05676015923,15158.39512515842,2.0,0.0,0.0
2031-04-27,-1.0186340659856796e-10,1.0186340659856796e-10,888124.9503616691,881268.603739461,962395.2761069422,-0.007720024777387424,33983.1569586994,595.5428360718706,0.0,33661.11682145356,,12886.855751256531,257.7371150251306,1200.0593100783774,-0.0,-0.0,238975.78272624628,16616.191550261927,2.0,0.0,0.0
2032-04-26,1.0186340659856796e-10,-5.820766091346741e-11,962395.2761069422,985237.1380193515,1036711.1479197788,0.023734386981624223,38046.82713621093,282.768060637802,0.0,0.0,,13144.414703578415,262.88829407156834,1286.7671239145127,-0.0,-0.0,256242.48571829987,18165.846968248006,2.0,0.0,0.0
2033-04-26,-5.820766091346741e-11,2.1827872842550278e-11,1036711.1479197788,1061481.1122040446,1116237.9168872735,0.02389283103009765,41052.14204626165,297.54136281158685,0.0,0.0,,13407.121274155797,268.14242548311597,1376.5786139327745,-0.0,-0.0,274127.2443670393,19810.568007663896,2.0,0.0,0.0
2034-04-26,2.1827872842550278e-11,0.0,1116237.9168872735,1143083.815700423,1032366.46240453,0.024050337662790966,44270.262306061326,312.89011852785814,0.0,0.0,,13675.078344187197,273.501566883744,1469.6043120226855,-168975.58406466935,-0.0,123676.4855572484,21553.673886570326,1.0,1.0,0.0
2035-04-26,0.0,-3.637978807091713e-11,1032366.46240453,1057310.6672515362,1104940.6995364658,0.024162161166014107,41007.27056602906,282.5840593220285,0.0,0.0,,6340.177659578527,126.80355319157054,663.9371415113542,-0.0,-0.0,132214.21369860444,22344.41458127325,1.0,0.0,0.0
2036-04-25,-3.637978807091713e-11,-1.3096723705530167e-10,1104940.6995364658,1107172.078454102,1187425.053097566,0.0020194558120378847,43959.36844139845,295.3139865663099,0.0,29531.39865663099,,6466.893558868114,129.33787117736227,693.6199582689159,-0.0,-0.0,138125.15019031396,23167.372410719527,1.0,0.0,0.0
2037-04-25,-1.3096723705530167e-10,-2.1100277081131935e-10,1187425.053097566,1217435.7349089184,1272403.2732673306,0.025273748210942193,48371.39633413486,0.0,0.0,0.0,,6596.142024277282,131.92284048554563,739.8960391604734,-0.0,-0.0,147340.4136024538,24039.191290365547,1.0,0.0,0.0
2038-04-25,-2.1100277081131935e-10,4.3655745685100555e-11,1272403.2732673306,1304765.9128413184,1363367.2578159072,0.025434263062594553,51873.37130247377,0.0,0.0,0.0,,6727.973672115317,134.55947344230634,787.8683287035885,-0.0,-0.0,156893.4543117395,24961.619092511442,1.0,0.0,0.0
2039-04-25,4.3655745685100555e-11,1.4551915228366852e-11,1363367.2578159072,1398262.5588152562,1460749.135132357,0.025594938413916912,55624.136186782845,0.0,0.0,0.0,,6862.440130317914,137.24880260635828,837.5993581510759,-0.0,-0.0,166796.72458195564,25936.46725326888,1.0,0.0,0.0
2040-04-24,1.4551915228366852e-11,-1.0186340659856796e-10,1460749.135132357,1498371.7973020524,1565013.1159631857,0.025755731264757165,59641.72460246745,0.0,0.0,0.0,,6999.594058665719,139.99188117331437,889.1540073410586,-0.0,-0.0,177063.14436628154,26965.61314178325,1.0,0.0,0.0
2041-04-24,-1.0186340659856796e-10,8.731149137020111e-11,1565013.1159631857,1605572.932422528,1676662.5276126673,0.02591659842695937,63950.10602073248,0.0,0.0,0.0,,7139.489169406959,142.7897833881392,942.5995913830816,-0.0,-0.0,187706.11856967295,28051.002516554472,1.0,0.0,0.0
2042-04-24,8.731149137020111e-11,-3.055902197957039e-10,1676662.5276126673,1720385.6889312647,1796229.3194561913,0.026077496573417847,68561.45027663394,0.0,0.0,0.0,,7282.1802482922485,145.643604965845,998.0059504332238,-0.0,-0.0,198739.55492637632,29194.65207195354,1.0,0.0,0.0
2043-04-24,-3.055902197957039e-10,3.2014213502407074e-10,1796229.3194561913,1843359.4710160843,1924289.4233980123,0.026238382287491868,73502.22920589882,0.0,0.0,0.0,,7427.723176029792,148.55446352059585,1055.4455426659106,-0.0,-0.0,210177.88251402386,30398.652078140047,1.0,0.0,0.0
2044-04-23,3.2014213502407074e-10,-1.0186340659856796e-10,1924289.4233980123,1975089.1480524403,2061461.8074773736,0.02639921211265772,78796.48447476355,0.0,0.0,0.0,,7576.174950169398,151.52349900338797,1114.9935405539331,-0.0,-0.0,222036.0709265129,31665.16911769737,1.0,0.0,0.0
2045-04-23,-1.0186340659856796e-10,-1.3096723705530167e-10,2061461.8074773736,2116214.1147607644,2208417.9653150756,0.026559942602279785,84476.25684688728,0.0,0.0,0.0,,7727.593707423871,154.55187414847742,1176.727930572116,-0.0,-0.0,234329.6501286601,32996.44892241796,1.0,0.0,0.0
2046-04-23,-1.3096723705530167e-10,-1.3096723705530167e-10,2208417.9653150756,2267428.0646255487,2365867.7549117967,0.026720530369374274,90557.65153981147,0.0,0.0,0.0,,7882.038746436526,157.6407749287305,1240.729616444164,-0.0,-0.0,247074.73101643147,34394.81931379086,1.0,0.0,0.0
2047-04-23,-1.3096723705530167e-10,-1.7462298274040222e-10,2365867.7549117967,2429464.485474919,2534580.120370536,0.026880932136248425,97076.06434461338,0.0,0.0,0.0,,8039.57055100373,160.7914110200746,1307.0825260564386,-0.0,-0.0,260288.0267073932,35862.69325086737,1.0,0.0,0.0
2048-04-22,-1.7462298274040222e-10,-8.731149137020111e-11,2534580.120370536,2603117.9669886325,2441394.942121643,0.027041104783886993,104063.5989061477,0.0,0.0,0.0,,8200.250813761579,164.00501627523158,1375.873722166798,-273986.87458689854,-0.0,0.0,37402.5719893094,0.0,1.0,0.0
2049-04-22,-8.731149137020111e-11,5.820766091346741e-11,2441394.942121643,2507803.339128203,2608109.554649112,0.027201005400973477,100306.21552090874,0.0,0.0,0.0,,0.0,0.0,0.0,-0.0,-0.0,0.0,37402.5719893094,0.0,0.0,0.0
2050-04-22,5.820766091346741e-11,4.3655745685100555e-10,2608109.554649112,2679468.9743240476,2786688.418718475,0.027360591332420636,107219.44439442773,0.0,0.0,0.0,,0.0,0.0,0.0,-0.0,-0.0,0.0,37402.5719893094,0.0,0.0,0.0
2051-04-22,4.3655745685100555e-10,-5.384208634495735e-10,2786688.418718475,2863377.583031088,2978004.7038373016,0.02751982022729349,114627.1208062125,0.0,0.0,0.0,,0.0,0.0,0.0,-0.0,-0.0,0.0,37402.5719893094,0.0,0.0,0.0
2052-04-21,-5.384208634495735e-10,-1.1641532182693481e-10,2978004.7038373016,3060431.853989332,3182997.5533333546,0.027678650086018664,122565.69934402309,0.0,0.0,0.0,,0.0,0.0,0.0,-0.0,-0.0,0.0,37402.5719893094,0.0,0.0,0.0
2053-04-21,-1.1641532182693481e-10,-4.656612873077393e-10,3182997.5533333546,3271602.7813388,3402687.195949437,0.027837039306755074,131084.41461063654,0.0,0.0,0.0,,0.0,0.0,0.0,-0.0,-0.0,0.0,37402.5719893094,0.0,0.0,0.0
2054-04-21,-4.656612873077393e-10,6.402842700481415e-10,3402687.195949437,3497945.242741715,3638151.7930153986,0.027994946730828918,140206.5502736845,0.0,0.0,0.0,,0.0,0.0,0.0,-0.0,-0.0,0.0,37402.5719893094,0.0,0.0,0.0
2055-04-21,6.402842700481415e-10,5.529727786779404e-10,3638151.7930153986,3740574.2490204764,3890560.701990649,0.028152331687124832,149986.45297017266,0.0,0.0,0.0,,0.0,0.0,0.0,-0.0,-0.0,0.0,37402.5719893094,0.0,0.0,0.0
2056-04-20,5.529727786779404e-10,-3.4924596548080444e-10,3890560.701990649,4000699.1841871142,4161172.1243092236,0.02830915403533263,160472.94012210847,0.0,0.0,0.0,,0.0,0.0,0.0,-0.0,-0.0,0.0,37402.5719893094,0.0,0.0,0.0
2057-04-20,-3.4924596548080444e-10,-4.3655745685100555e-10,4161172.1243092236,4279621.445971396,4451353.377070877,0.028465374207954808,171731.93109948086,0.0,0.0,0.0,,0.0,0.0,0.0,-0.0,-0.0,0.0,37402.5719893094,0.0,0.0,0.0
2058-04-20,-4.3655745685100555e-10,6.111804395914078e-10,4451353.377070877,4578755.353979639,4762550.067361741,0.02862095325098557,183794.7133821036,0.0,0.0,0.0,,0.0,0.0,0.0,-0.0,-0.0,0.0,37402.5719893094,0.0,0.0,0.0
2059-04-20,6.111804395914078e-10,-1.076841726899147e-09,4762550.067361741,4899596.507353646,5096330.603221717,0.028775852863174745,196734.09586806985,0.0,0.0,0.0,,0.0,0.0,0.0,-0.0,-0.0,0.0,37402.5719893094,0.0,0.0,0.0
2060-04-19,-1.076841726899147e-09,7.275957614183426e-10,5096330.603221717,5243767.628155273,5454383.173351804,0.028930035433798462,210615.5451965322,0.0,0.0,0.0,,0.0,0.0,0.0,-0.0,-0.0,0.0,37402.5719893094,0.0,0.0,0.0
2061-04-19,7.275957614183426e-10,-2.9103830456733704e-11,5454383.173351804,5613015.530446331,5838542.980912698,0.029083464078862198,225527.45046636666,0.0,0.0,0.0,,0.0,0.0,0.0,-0.0,-0.0,0.0,37402.5719893094,0.0,0.0,0.0
2062-04-19,-2.9103830456733704e-11,-5.529727786779404e-10,5838542.980912698,6009239.222978961,6250751.122608632,0.029236102675667563,241511.8996296706,0.0,0.0,0.0,,0.0,0.0,0.0,-0.0,-0.0,0.0,37402.5719893094,0.0,0.0,0.0
2063-04-19,-5.529727786779404e-10,1.4551915228366852e-10,6250751.122608632,6434447.670884724,6693114.247117329,0.029387915895686678,258666.5762326063,0.0,0.0,0.0,,0.0,0.0,0.0,-0.0,-0.0,0.0,37402.5719893094,0.0,0.0,0.0
2064-04-18,1.4551915228366852e-10,-4.656612873077393e-10,6693114.247117329,6890821.273642388,7167900.666602948,0.029538869235679055,277079.392960559,0.0,0.0,0.0,,0.0,0.0,0.0,-0.0,-0.0,0.0,37402.5719893094,0.0,0.0,0.0
2065-04-18,-4.656612873077393e-10,-6.402842700481415e-10,7167900.666602948,7380707.960909769,7677576.9939630935,0.029688929047014367,296869.0330533244,0.0,0.0,0.0,,0.0,0.0,0.0,-0.0,-0.0,0.0,37402.5719893094,0.0,0.0,0.0
2066-04-18,-6.402842700481415e-10,-5.820766091346741e-11,7677576.9939630935,7906661.01664237,8224753.1875152225,0.02983806256315069,318092.1708728528,0.0,0.0,0.0,,0.0,0.0,0.0,-0.0,-0.0,0.0,37402.5719893094,0.0,0.0,0.0
2067-04-18,-5.820766091346741e-11,6.984919309616089e-10,8224753.1875152225,8471382.593472393,8812262.633815441,0.02998623792523558,340880.0403430488,0.0,0.0,0.0,,0.0,0.0,0.0,-0.0,-0.0,0.0,37402.5719893094,0.0,0.0,0.0
2068-04-17,6.984919309616089e-10,1.1641532182693481e-09,8812262.633815441,9077806.281973146,9443157.127921158,0.030133424205802672,365350.845948013,0.0,0.0,0.0,,0.0,0.0,0.0,-0.0,-0.0,0.0,37402.5719893094,0.0,0.0,0.0
2069-04-17,1.1641532182693481e-09,-2.444721758365631e-09,9443157.127921158,9729092.067568993,10120756.22404873,0.030279591430538932,391664.1564797332,0.0,0.0,0.0,,0.0,0.0,0.0,-0.0,-0.0,0.0,37402.5719893094,0.0,0.0,0.0
2070-04-17,-2.444721758365631e-09,-5.820766091346741e-10,10120756.22404873,10428677.303199442,10848573.664291508,0.030424710598110805,419896.36109206825,0.0,0.0,0.0,,0.0,0.0,0.0,-0.0,-0.0,0.0,37402.5719893094,0.0,0.0,0.0
2071-04-17,-5.820766091346741e-10,4.656612873077393e-10,10848573.664291508,11180201.040610207,11630425.031835087,0.03056875369803347,450223.99122488045,0.0,0.0,0.0,,0.0,0.0,0.0,-0.0,-0.0,0.0,37402.5719893094,0.0,0.0,0.0
2072-04-16,4.656612873077393e-10,-2.9103830456733704e-10,11630425.031835087,11987615.083322858,12470421.253187368,0.030711693726588774,482806.1698645085,0.0,0.0,0.0,,0.0,0.0,0.0,-0.0,-0.0,0.0,37402.5719893094,0.0,0.0,0.0
2073-04-16,-2.9103830456733704e-10,-5.820766091346741e-10,12470421.253187368,12855177.453943407,13373035.152951008,0.030853504700789403,517857.69900760025,0.0,0.0,0.0,,0.0,0.0,0.0,-0.0,-0.0,0.0,37402.5719893094,0.0,0.0,0.0
2074-04-16,-5.820766091346741e-10,0.0,13373035.152951008,13787521.166505486,27175071.30635343,0.030994161670397924,0.0,0.0,13387550.139847945,0.0,,0.0,0.0,0.0,-0.0,-0.0,0.0,37402.5719893094,0.0,0.0,0.0
