,Dates of interest
0,2024-04-29
1,2025-04-29
2,2026-04-29
3,2027-04-29
4,2028-04-28
5,2029-04-28
6,2030-04-28
7,2031-04-28
8,2032-04-27
9,2033-04-27
10,2034-04-27
11,2035-04-27
12,2036-04-26
13,2037-04-26
14,2038-04-26
15,2039-04-26
16,2040-04-25
17,2041-04-25
18,2042-04-25
19,2043-04-25
20,2044-04-24
21,2045-04-24
22,2046-04-24
23,2047-04-24
24,2048-04-23
25,2049-04-23
26,2050-04-23
27,2051-04-23
28,2052-04-22
29,2053-04-22
30,2054-04-22
31,2055-04-22
32,2056-04-21
33,2057-04-21
34,2058-04-21
35,2059-04-21
36,2060-04-20
37,2061-04-20
38,2062-04-20
39,2063-04-20
40,2064-04-19
41,2065-04-19
42,2066-04-19
43,2067-04-19
44,2068-04-18
45,2069-04-18
46,2070-04-18
47,2071-04-18
48,2072-04-17
49,2073-04-17
50,2074-04-17
